﻿title,count
American Beauty,3428
Star Wars: Episode IV - A New Hope,2991
Star Wars: Episode V - The Empire Strikes Back,2990
Star Wars: Episode VI - Return of the Jedi,2883
Jurassic Park,2672
Saving Private Ryan,2653
Terminator 2: Judgment Day,2649
"Matrix, The",2590
Back to the Future,2583
"Silence of the Lambs, The",2578
Men in Black,2538
Raiders of the Lost Ark,2514
Fargo,2513
"Sixth Sense, The",2459
Braveheart,2443
Shakespeare in Love,2369
"Princess Bride, The",2318
Schindler's List,2304
L.A. Confidential,2288
Groundhog Day,2278
E.T. the Extra-Terrestrial,2269
Star Wars: Episode I - The Phantom Menace,2250
Being John Malkovich,2241
"Shawshank Redemption, The",2227
"Godfather, The",2223
Forrest Gump,2194
Ghostbusters,2181
Pulp Fiction,2171
"Terminator, The",2098
Toy Story,2077
Alien,2024
Total Recall,1996
"Fugitive, The",1995
Gladiator,1924
Aliens,1820
Blade Runner,1800
Who Framed Roger Rabbit?,1799
Stand by Me,1785
"Usual Suspects, The",1783
Babe,1751
Airplane!,1731
Independence Day (ID4),1730
Galaxy Quest,1728
One Flew Over the Cuckoo's Nest,1725
"Wizard of Oz, The",1718
2001: A Space Odyssey,1716
"Abyss, The",1715
"Bug's Life, A",1703
Jaws,1697
"Godfather: Part II, The",1692
Casablanca,1669
Die Hard,1666
GoodFellas,1657
"Hunt for Red October, The",1652
Speed,1650
Indiana Jones and the Last Crusade,1628
Lethal Weapon,1627
Monty Python and the Holy Grail,1599
Toy Story 2,1585
When Harry Met Sally...,1568
Good Will Hunting,1548
Titanic,1546
"Breakfast Club, The",1539
Mission: Impossible,1527
Election,1522
Twelve Monkeys,1511
X-Men,1511
Beetlejuice,1495
Big,1491
Edward Scissorhands,1473
Ferris Bueller's Day Off,1473
Dances with Wolves,1451
Fight Club,1451
Close Encounters of the Third Kind,1451
Star Trek: The Wrath of Khan,1448
Raising Arizona,1434
Austin Powers: The Spy Who Shagged Me,1434
Batman,1431
As Good As It Gets,1424
Face/Off,1421
Butch Cassidy and the Sundance Kid,1419
Thelma & Louise,1417
Clerks,1412
True Lies,1400
American Pie,1389
Amadeus,1382
Contact,1382
"Fifth Element, The",1377
High Fidelity,1373
There's Something About Mary,1371
Dr. Strangelove or: How I Learned to Stop Worrying and Love the Bomb,1367
Arachnophobia,1367
Clueless,1362
Get Shorty,1356
Jerry Maguire,1353
"Christmas Story, A",1352
Aladdin,1351
Romancing the Stone,1345
"Blues Brothers, The",1341
"Rock, The",1340
Annie Hall,1334
"Talented Mr. Ripley, The",1331
Rain Man,1330
Chicken Run,1329
"Fish Called Wanda, A",1326
North by Northwest,1315
Erin Brockovich,1315
Willy Wonka and the Chocolate Factory,1313
Mission: Impossible 2,1313
Star Trek: First Contact,1310
Predator,1297
"South Park: Bigger, Longer and Uncut",1269
Psycho,1263
"Graduate, The",1261
Reservoir Dogs,1259
"Lost World: Jurassic Park, The",1255
Full Metal Jacket,1254
Apollo 13,1251
Taxi Driver,1240
"Patriot, The",1240
"Blair Witch Project, The",1237
Four Weddings and a Funeral,1233
"Rocky Horror Picture Show, The",1233
"Crying Game, The",1229
"Clockwork Orange, A",1229
Robocop,1229
Superman,1222
"Green Mile, The",1222
Rushmore,1220
Animal House,1207
Austin Powers: International Man of Mystery,1205
"Full Monty, The",1199
Young Frankenstein,1193
Chinatown,1185
"Mask, The",1179
Sling Blade,1177
Apocalypse Now,1176
Starship Troopers,1163
Splash,1163
Planet of the Apes,1162
Back to the Future Part II,1158
Pleasantville,1158
Gone with the Wind,1156
Life Is Beautiful (La Vita è bella),1152
Back to the Future Part III,1148
Platoon,1143
Seven (Se7en),1137
Grosse Pointe Blank,1136
Die Hard 2,1135
Rocky,1129
Boogie Nights,1128
Indiana Jones and the Temple of Doom,1127
"Untouchables, The",1127
Star Trek IV: The Voyage Home,1126
Ghost,1124
"Lion King, The",1121
Wayne's World,1120
Blazing Saddles,1119
This Is Spinal Tap,1118
Stargate,1116
Citizen Kane,1116
Magnolia,1113
Glory,1112
Twister,1110
Armageddon,1110
M*A*S*H,1099
"League of Their Own, A",1099
"Big Lebowski, The",1097
Bull Durham,1095
Sneakers,1091
"Thomas Crown Affair, The",1089
"Shining, The",1087
My Cousin Vinny,1086
"Good Morning, Vietnam",1082
Gattaca,1077
Air Force One,1076
Mars Attacks!,1074
Run Lola Run (Lola rennt),1072
"Fly, The",1071
Sleepy Hollow,1066
Mad Max,1066
"Few Good Men, A",1061
Beauty and the Beast,1060
Clear and Present Danger,1059
"African Queen, The",1057
Patriot Games,1052
Rear Window,1050
"Sting, The",1049
Pretty Woman,1046
Witness,1046
"Honey, I Shrunk the Kids",1045
"Maltese Falcon, The",1043
"Little Mermaid, The",1035
Mad Max 2 (a.k.a. The Road Warrior),1034
"American President, The",1033
Batman Returns,1031
Three Kings,1021
"Perfect Storm, The",1013
Mary Poppins,1011
Lethal Weapon 2,1011
Top Gun,1010
Time Bandits,1010
"Mummy, The",1007
Cocoon,1006
"Truman Show, The",1005
"Boat, The (Das Boot)",1001
Star Trek VI: The Undiscovered Country,1001
Unforgiven,997
"Nightmare Before Christmas, The",996
"X-Files: Fight the Future, The",996
Almost Famous,994
Star Trek: Generations,990
American Graffiti,990
"English Patient, The",989
Dogma,989
Enemy of the State,988
Sleepless in Seattle,986
"Mask of Zorro, The",983
Moonstruck,982
Leaving Las Vegas,980
"Player, The",978
"Last of the Mohicans, The",975
In the Line of Fire,972
Tron,970
Caddyshack,967
Chasing Amy,966
Con Air,954
Dave,948
"Nutty Professor, The",948
Army of Darkness,945
Eyes Wide Shut,945
"Fisher King, The",945
Fantasia,943
Heat,940
"Bridge on the River Kwai, The",938
Elizabeth,938
Little Shop of Horrors,936
Bowfinger,935
Cool Hand Luke,930
Dead Man Walking,928
To Kill a Mockingbird,928
Ed Wood,927
Star Trek III: The Search for Spock,927
Monty Python's Life of Brian,926
Alien³,925
"Professional, The (a.k.a. Leon: The Professional)",923
From Dusk Till Dawn,914
Say Anything...,914
Brazil,913
Crocodile Dundee,912
"Wedding Singer, The",909
Out of Sight,908
U-571,908
Wag the Dog,907
Vertigo,905
Wild Wild West,902
Spaceballs,899
Goldfinger,897
Deep Impact,895
GoldenEye,888
Scream,886
Fast Times at Ridgemont High,886
"Grifters, The",885
"Exorcist, The",885
Escape from New York,884
"Insider, The",884
Misery,884
"Sound of Music, The",882
"Wrong Trousers, The",882
"Game, The",882
Dark City,874
Man on the Moon,874
Office Space,872
Backdraft,869
Starman,865
Lady and the Tramp,864
Tomorrow Never Dies,862
"World Is Not Enough, The",862
Meet the Parents,862
"French Connection, The",861
Pee-wee's Big Adventure,861
Dead Poets Society,855
Mystery Men,853
Risky Business,852
Boys Don't Cry,850
Superman II,846
Desperately Seeking Susan,840
Trading Places,839
Diner,839
Mrs. Doubtfire,838
You've Got Mail,838
"Big Chill, The",838
Sense and Sensibility,835
Some Like It Hot,832
Lawrence of Arabia,831
"Devil's Advocate, The",826
Die Hard: With a Vengeance,825
L.A. Story,825
"Firm, The",824
"Good, The Bad and The Ugly, The",822
Frequency,821
My Best Friend's Wedding,820
Grease,817
What About Bob?,817
Conspiracy Theory,811
Parenthood,811
Blade,809
Grumpy Old Men,809
Star Trek: Insurrection,807
Ronin,806
Heathers,803
"Thin Red Line, The",803
Maverick,802
Lethal Weapon 3,802
Willow,802
Fatal Attraction,802
"Negotiator, The",799
Roger & Me,798
Poltergeist,795
Mission to Mars,793
Star Trek: The Motion Picture,792
Big Daddy,791
Shanghai Noon,791
Dune,789
Broadcast News,789
Swingers,786
Double Jeopardy,786
Do the Right Thing,781
Notting Hill,780
Alien: Resurrection,779
Batman Forever,777
Entrapment,777
Gremlins,776
"Godfather: Part III, The",774
Dangerous Liaisons,773
Payback,773
Like Water for Chocolate (Como agua para chocolate),772
From Russia with Love,771
Field of Dreams,768
Ace Ventura: Pet Detective,766
Kingpin,765
"Manchurian Candidate, The",765
Midnight Run,765
Dog Day Afternoon,765
Snow White and the Seven Dwarfs,763
West Side Story,761
Crimson Tide,760
King Kong,756
JFK,756
Romy and Michele's High School Reunion,755
Singin' in the Rain,751
Trainspotting,751
Basic Instinct,751
Repo Man,751
"Right Stuff, The",750
"13th Warrior, The",750
"Simple Plan, A",745
Sleeper,744
"Muppet Movie, The",744
Excalibur,742
Highlander,741
"Thing, The",741
Stripes,740
Interview with the Vampire,738
"Rocketeer, The",736
"Crow, The",734
Outbreak,733
Nikita (La Femme Nikita),733
"Birds, The",733
"Killing Fields, The",732
"Running Man, The",730
It's a Wonderful Life,729
Deliverance,729
Jackie Brown,724
Go,723
Hook,722
Mad Max Beyond Thunderdome,722
Searching for Bobby Fischer,720
Donnie Brasco,719
Sixteen Candles,719
Manhattan,718
Hoop Dreams,716
"Goonies, The",716
Night of the Living Dead,715
"Addams Family, The",714
Rosemary's Baby,712
"Cider House Rules, The",711
"Dark Crystal, The",710
"Dirty Dozen, The",707
Legends of the Fall,705
Quiz Show,705
Ben-Hur,704
Waking Ned Devine,703
Jumanji,701
F/X,701
Natural Born Killers,700
"Deer Hunter, The",700
10 Things I Hate About You,700
"NeverEnding Story, The",699
Harold and Maude,697
"Great Escape, The",696
"Gods Must Be Crazy, The",695
What's Eating Gilbert Grape,693
Pretty in Pink,693
"Naked Gun: From the Files of Police Squad!, The",692
"General's Daughter, The",691
Network,688
Dirty Dancing,687
Cape Fear,687
Cliffhanger,686
Bonnie and Clyde,686
Casino,682
Happy Gilmore,682
"Birdcage, The",682
So I Married an Axe Murderer,682
"Doors, The",680
Awakenings,680
"Truth About Cats & Dogs, The",679
Raging Bull,677
Breakfast at Tiffany's,676
Strictly Ballroom,676
Home Alone,675
"Iron Giant, The",674
While You Were Sleeping,673
"Jewel of the Nile, The",673
Arsenic and Old Lace,672
Bram Stoker's Dracula,672
Gandhi,671
Lethal Weapon 4,669
Much Ado About Nothing,667
Lost in Space,667
White Men Can't Jump,667
Jacob's Ladder,667
Liar Liar,666
Sister Act,666
Bulworth,664
"Jungle Book, The",664
Midnight Cowboy,663
Dumb & Dumber,660
True Romance,658
"Producers, The",658
"Cell, The",658
"Close Shave, A",657
Best in Show,657
Blue Velvet,654
Driving Miss Daisy,652
Moonraker,652
Waterworld,651
Runaway Bride,650
Dr. No,646
Patton,645
Antz,645
Dazed and Confused,643
Predator 2,643
"Santa Clause, The",641
Demolition Man,640
American History X,640
"Bone Collector, The",640
Broken Arrow,638
My Fair Lady,636
"Last Emperor, The",636
Westworld,636
Chariots of Fire,634
Arlington Road,634
Lone Star,630
American Psycho,630
Midnight in the Garden of Good and Evil,628
Seven Samurai (The Magnificent Seven) (Shichinin no samurai),628
Invasion of the Body Snatchers,628
Mr. Mom,628
Blood Simple,628
Rush Hour,627
Wild Things,626
Out of Africa,626
Logan's Run,626
"Bodyguard, The",626
"Lock, Stock & Two Smoking Barrels",625
Powder,624
Never Been Kissed,624
Dick Tracy,624
"River Runs Through It, A",623
"Poseidon Adventure, The",622
Heavy Metal,618
12 Angry Men,616
Analyze This,616
Tin Cup,615
"Lawnmower Man, The",615
Cinema Paradiso,615
Star Trek V: The Final Frontier,613
Pi,613
Scary Movie,613
Dragonheart,612
"Civil Action, A",612
"Adventures of Buckaroo Bonzai Across the 8th Dimension, The",611
"Piano, The",608
"Opposite of Sex, The",608
Batman & Robin,606
Strange Days,605
"Whole Nine Yards, The",602
"Hudsucker Proxy, The",599
Fletch,599
Deep Blue Sea,598
Duck Soup,594
Peter Pan,594
Fried Green Tomatoes,593
Being There,591
Little Big Man,591
Boiler Room,590
Hoosiers,590
Bambi,589
October Sky,588
Gone in 60 Seconds,584
Big Trouble in Little China,584
"Red Violin, The (Le Violon rouge)",583
Dead Again,583
"Philadelphia Story, The",582
"Prince of Egypt, The",579
Gods and Monsters,578
Cinderella,577
Scream 3,577
"20,000 Leagues Under the Sea",575
Hot Shots! Part Deux,573
"Jerk, The",573
Bound,572
Conan the Barbarian,572
Glengarry Glen Ross,571
Rumble in the Bronx,570
"Net, The",569
Three Amigos!,569
Dumbo,568
Carrie,567
Congo,565
101 Dalmatians,565
"War of the Worlds, The",565
Ghostbusters II,565
Judge Dredd,564
Ransom,564
Doctor Zhivago,564
End of Days,564
Space Jam,563
"Saint, The",563
"Sex, Lies, and Videotape",562
Young Guns,562
Philadelphia,561
"Room with a View, A",560
"Me, Myself and Irene",560
"Day the Earth Stood Still, The",559
Cruel Intentions,559
Nurse Betty,559
Airplane II: The Sequel,558
"Commitments, The",558
G.I. Jane,557
Bringing Out the Dead,557
Scent of a Woman,555
Rob Roy,554
Labyrinth,554
Tombstone,553
Double Indemnity,551
Species,550
"American Werewolf in London, An",549
Vacation,549
Evil Dead II (Dead By Dawn),548
Shine,548
"Natural, The",548
Prizzi's Honor,545
To Die For,544
Pitch Black,542
Ladyhawke,542
Honeymoon in Vegas,542
Mr. Holland's Opus,541
"Big Sleep, The",541
Sphere,541
Adventures in Babysitting,541
Desperado,540
Flight of the Navigator,536
Titan A.E.,535
Teenage Mutant Ninja Turtles,534
Arthur,534
Coneheads,533
Pushing Tin,533
Terms of Endearment,530
"Three Musketeers, The",529
That Thing You Do!,528
Doctor Dolittle,527
James and the Giant Peach,525
Alice in Wonderland,525
Falling Down,524
Babe: Pig in the City,523
"Fistful of Dollars, A",522
"Grapes of Wrath, The",521
Stuart Little,520
Breaking Away,520
On the Waterfront,519
Muriel's Wedding,518
"Hard Day's Night, A",518
Scrooged,516
"Client, The",515
Christmas Vacation,515
Touch of Evil,514
Working Girl,514
"Faculty, The",513
Buffy the Vampire Slayer,512
Escape from L.A.,511
Sleeping Beauty,511
Superman III,511
Weird Science,510
"Hurricane, The",509
"Ice Storm, The",507
Ordinary People,507
Halloween,506
Peggy Sue Got Married,506
28 Days,505
Body Heat,504
Alien Nation,504
"Guns of Navarone, The",502
"Postino, Il (The Postman)",501
Emma,501
Last Action Hero,500
Private Parts,499
Godzilla,499
Pinocchio,498
Event Horizon,498
Charlotte's Web,497
Dead Calm,497
Wonder Boys,496
Snake Eyes,495
Serpico,495
"Spanish Prisoner, The",493
"Karate Kid, The",493
Robocop 2,493
Cop Land,492
Crumb,491
Mulan,490
Keeping the Faith,489
Stir of Echoes,487
"Spy Who Loved Me, The",487
Primal Fear,485
Easy Rider,485
"Streetcar Named Desire, A",483
Any Given Sunday,483
"Mariachi, El",483
Strangers on a Train,482
Benny & Joon,481
"Third Man, The",480
"Fly, The",480
Howards End,480
William Shakespeare's Romeo and Juliet,479
"Purple Rose of Cairo, The",479
Grumpier Old Men,478
Welcome to the Dollhouse,478
Space Cowboys,478
Heavenly Creatures,477
"Karate Kid, Part II, The",477
Forever Young,477
Rudy,476
"Haunting, The",476
Beavis and Butt-head Do America,475
Spawn,475
I Know What You Did Last Summer,475
Ruthless People,475
Malcolm X,475
Red Dawn,475
Secrets & Lies,474
"Joy Luck Club, The",474
Patch Adams,474
"Limey, The",474
"Grand Day Out, A",473
Better Off Dead...,472
"Apostle, The",471
Six Days Seven Nights,471
Popeye,471
Sunset Blvd. (a.k.a. Sunset Boulevard),470
2010,470
"Adventures of Priscilla, Queen of the Desert, The",469
Hercules,469
"Mosquito Coast, The",466
Sliding Doors,464
Addams Family Values,463
Escape from the Planet of the Apes,463
What Lies Beneath,463
Waiting for Guffman,462
Under Siege,461
Key Largo,461
"Man with the Golden Gun, The",461
Eraser,460
Crimes and Misdemeanors,460
"Golden Child, The",459
Final Destination,459
Sabrina,458
Johnny Mnemonic,458
"Elephant Man, The",457
Mystery Science Theater 3000: The Movie,456
"People vs. Larry Flynt, The",456
Bullets Over Broadway,455
Scream 2,455
Return to Me,454
My Left Foot,453
"Treasure of the Sierra Madre, The",453
Fantasia 2000,453
"Conversation, The",453
Akira,452
Kramer Vs. Kramer,452
Mallrats,451
"Ghost and the Darkness, The",451
"Nightmare on Elm Street, A",451
And Now for Something Completely Different,451
"Remains of the Day, The",450
Big Night,450
"Color Purple, The",450
"Hustler, The",450
U.S. Marshalls,448
Mickey Blue Eyes,448
Angel Heart,448
Creepshow,447
Pacific Heights,447
Defending Your Life,446
Notorious,445
Rocky II,445
Hairspray,445
To Catch a Thief,443
Clue,443
Cabaret,443
Real Genius,442
Tarzan,442
Courage Under Fire,441
Toys,440
Wallace & Gromit: The Best of Aardman Animation,438
"Lord of the Rings, The",438
Single White Female,438
Remember the Titans,437
Timecop,436
Footloose,435
"Long Kiss Goodnight, The",434
Victor/Victoria,434
Howard the Duck,434
"Brothers McMullen, The",433
Wayne's World 2,433
Mighty Aphrodite,431
"Girl, Interrupted",431
"Naked Gun 2 1/2: The Smell of Fear, The",431
Dick,430
"Straight Story, The",429
Singles,429
Reality Bites,428
In & Out,428
Phenomenon,427
Henry V,426
Spartacus,426
Roman Holiday,425
For Your Eyes Only,425
"Beach, The",423
Soylent Green,422
Live and Let Die,422
Lake Placid,421
Mister Roberts,421
Shaft,421
Days of Thunder,420
"Waterboy, The",420
Rules of Engagement,420
Stigmata,419
Road Trip,419
"Quick and the Dead, The",418
"Brady Bunch Movie, The",418
"Money Pit, The",418
"Arrival, The",417
"Apartment, The",417
Executive Decision,416
"Craft, The",416
Ever After: A Cinderella Story,416
Drugstore Cowboy,416
Bob Roberts,415
"Midsummer Night's Dream, A",415
Crocodile Dundee II,414
Bringing Up Baby,413
Police Academy,413
Flatliners,413
Naked Gun 33 1/3: The Final Insult,412
Tommy Boy,410
She's All That,410
eXistenZ,410
"Omen, The",409
Steel Magnolias,408
Private Benjamin,407
Frankenstein,406
On Golden Pond,405
Hollow Man,405
"American Tail, An",404
Thunderball,404
"City of Lost Children, The",403
All About Eve,403
High Noon,403
Far and Away,403
Rebel Without a Cause,402
"Perfect Murder, A",401
Rambo: First Blood Part II,401
Rocky III,401
Marathon Man,400
Anaconda,399
Yellow Submarine,399
Snow Falling on Cedars,398
His Girl Friday,397
First Blood,397
"Peacemaker, The",395
Kiss the Girls,395
Summer of Sam,395
All About My Mother (Todo Sobre Mi Madre),394
Stalag 17,394
City Slickers II: The Legend of Curly's Gold,392
Cool Runnings,392
Michael,392
"Man in the Iron Mask, The",391
"Thirteenth Floor, The",391
Year of Living Dangerously,391
"Hunchback of Notre Dame, The",390
"Ideal Husband, An",390
Ace Ventura: When Nature Calls,389
Serial Mom,389
"Odd Couple, The",389
Fallen,388
Metropolis,388
"Contender, The",388
"Bridges of Madison County, The",387
Pink Floyd - The Wall,387
Hope Floats,387
Don Juan DeMarco,386
Barbarella,386
Rebecca,386
"Siege, The",386
"Cable Guy, The",385
"Return of the Pink Panther, The",385
European Vacation,385
Licence to Kill,385
"Madness of King George, The",383
Mr. Smith Goes to Washington,383
Drop Dead Gorgeous,383
Bicentennial Man,383
Pocahontas,382
Rising Sun,382
Hamlet,382
"Sweet Hereafter, The",381
"Honey, I Blew Up the Kid",381
Absolute Power,380
"Absent Minded Professor, The",380
Miracle on 34th Street,380
Bird on a Wire,380
Devil in a Blue Dress,379
Dial M for Murder,379
Young Sherlock Holmes,379
"Verdict, The",379
Copycat,378
"Adventures of Robin Hood, The",378
Rocky IV,375
Universal Soldier,375
Kelly's Heroes,375
Robin Hood: Men in Tights,374
It Happened One Night,374
Sleepers,374
Jumpin' Jack Flash,374
Weekend at Bernie's,373
Forbidden Planet,373
Inspector Gadget,373
Bananas,372
Smoke Signals,372
Gremlins 2: The New Batch,372
"King and I, The",372
History of the World: Part I,371
Jaws 2,370
Carlito's Way,369
Young Guns II,369
"Secret of NIMH, The",369
Small Time Crooks,369
Delicatessen,368
I.Q.,367
Speed 2: Cruise Control,367
Dead Men Don't Wear Plaid,367
City of Angels,366
Alive,366
Sabrina,365
Married to the Mob,365
Beneath the Planet of the Apes,365
"Outlaw Josey Wales, The",365
Soapdish,365
101 Dalmatians,364
Small Soldiers,364
From Here to Eternity,364
Cyrano de Bergerac,363
"Dead Zone, The",363
Bad Boys,362
First Knight,362
Seven Years in Tibet,362
Flashdance,362
Cape Fear,361
"Mighty Ducks, The",361
Blast from the Past,360
Bachelor Party,360
Breaker Morant,360
Five Easy Pieces,359
Tank Girl,358
Miller's Crossing,358
Conquest of the Planet of the Apes,358
"Great Muppet Caper, The",358
"Fabulous Baker Boys, The",358
"Indian in the Cupboard, The",357
Ran,357
"Little Shop of Horrors, The",356
Harvey,356
Romeo and Juliet,356
Billy Madison,355
"Amityville Horror, The",355
Legend,355
What Dreams May Come,355
No Way Out,355
Breakdown,354
Buffalo 66,354
Back to School,354
For Love of the Game,354
"Last Picture Show, The",354
Primary Colors,353
Women on the Verge of a Nervous Breakdown,353
Lord of the Flies,353
On Her Majesty's Secret Service,353
Beverly Hills Cop III,352
St. Elmo's Fire,352
"Longest Day, The",352
Local Hero,351
Amistad,351
"River Wild, The",350
"Englishman Who Went Up a Hill, But Came Down a Mountain, The",350
Super Mario Bros.,350
Shall We Dance? (Shall We Dansu?),350
Guess Who's Coming to Dinner,350
Dolores Claiborne,349
Mimic,348
In the Heat of the Night,348
Fantastic Voyage,348
Eat Drink Man Woman,346
"Ref, The",346
Grand Canyon,346
"Pelican Brief, The",346
"Blue Lagoon, The",346
Rounders,345
Heaven Can Wait,345
"Princess Mononoke, The (Mononoke Hime)",345
Dinosaur,345
"Time to Kill, A",344
Robin Hood: Prince of Thieves,344
Sophie's Choice,344
Meet Joe Black,344
"American in Paris, An",343
"Color of Money, The",343
Robin Hood,343
Battlefield Earth,342
"House on Haunted Hill, The",341
Home Alone 2: Lost in New York,341
"Messenger: The Story of Joan of Arc, The",341
"Muppets Take Manhattan, The",341
"Hand That Rocks the Cradle, The",340
Death Becomes Her,339
Porky's,339
"Secret Garden, The",338
"Frighteners, The",338
"Blob, The",338
Dreamscape,338
"Jackal, The",337
Manhattan Murder Mystery,335
Three Colors: Red,334
Anna and the King,333
Superman IV: The Quest for Peace,332
Children of a Lesser God,331
Romeo Must Die,331
My Life as a Dog (Mitt liv som hund),330
Little Voice,330
Phantasm,330
Circle of Friends,329
"Astronaut's Wife, The",328
Of Mice and Men,328
"Virgin Suicides, The",328
Stand and Deliver,327
Hard-Boiled (Lashou shentan),327
French Kiss,326
About Last Night...,326
Rosencrantz and Guildenstern Are Dead,325
Nashville,325
"View to a Kill, A",325
Papillon,325
For a Few Dollars More,325
"Island of Dr. Moreau, The",324
"Name of the Rose, The",324
Pete's Dragon,323
"Goodbye Girl, The",322
Hackers,321
Dante's Peak,321
"Rainmaker, The",321
"Prince of Tides, The",321
Happiness,320
True Grit,320
Friday,319
Bedknobs and Broomsticks,319
"Replacement Killers, The",319
Three Days of the Condor,319
Flirting With Disaster,318
Drop Dead Fred,317
Pump Up the Volume,317
Friday the 13th,317
High Plains Drifter,317
All That Jazz,317
Pecker,316
Six Degrees of Separation,315
Meatballs,315
Ghost in the Shell (Kokaku kidotai),314
Ghost Dog: The Way of the Samurai,314
In the Name of the Father,312
"Man with Two Brains, The",312
Pale Rider,312
Battle for the Planet of the Apes,312
Mortal Kombat,311
"Man Who Would Be King, The",310
King Kong,309
"Perfect World, A",308
M,308
Deuce Bigalow: Male Gigolo,308
In the Company of Men,307
Some Folks Call It a Sling Blade,306
Charade,306
Can't Hardly Wait,306
Tequila Sunrise,306
Fright Night,306
Air America,306
Watership Down,305
Pet Sematary,305
Modern Times,305
"Kentucky Fried Movie, The",305
Shane,305
Father of the Bride,304
Anastasia,304
Atlantic City,304
Sid and Nancy,304
Topsy-Turvy,304
"Big Kahuna, The",304
Freejack,304
Requiem for a Dream,304
Grease 2,303
"'burbs, The",303
My Favorite Year,302
Flubber,302
Klute,302
EDtv,302
"Skulls, The",302
Short Cuts,301
Old Yeller,301
Zero Effect,301
Godzilla (Gojira),301
Rambo III,301
"Secret of Roan Inish, The",300
Barb Wire,300
"Stepford Wives, The",300
Heartbreak Ridge,300
My Dog Skip,300
"Seventh Seal, The (Sjunde inseglet, Det)",299
Menace II Society,298
Striptease,298
Fear and Loathing in Las Vegas,298
"Ninth Gate, The",298
Harry and the Hendersons,298
Jackie Chan's First Strike,297
Who's Afraid of Virginia Woolf?,297
Father of the Bride Part II,296
"Age of Innocence, The",295
"First Wives Club, The",295
Tin Men,295
"Black Hole, The",295
I Still Know What You Did Last Summer,295
American Movie,295
Midnight Express,295
American Gigolo,295
Kalifornia,294
Night Shift,294
"Flamingo Kid, The",294
"Sword in the Stone, The",293
Encino Man,293
Laura,292
"Thin Man, The",292
Escape to Witch Mountain,291
Sommersby,291
Help!,291
Soldier,290
George of the Jungle,289
Reindeer Games,289
"Paper Chase, The",289
"Devil's Own, The",288
"Avengers, The",288
Sweet and Lowdown,288
"Fox and the Hound, The",287
"Mystery, Alaska",287
Shadowlands,286
2 Days in the Valley,286
"Karate Kid III, The",286
Little Women,285
Free Willy,285
Somewhere in Time,285
Radio Days,285
Everything You Always Wanted to Know About Sex,285
Deconstructing Harry,284
"Fly II, The",284
"Hidden, The",284
Evita,282
Murder at 1600,281
Night of the Comet,281
Them!,280
"Thomas Crown Affair, The",280
South Pacific,280
"Story of Us, The",280
Cat Ballou,280
Hud,279
Hellraiser,279
"Aristocats, The",278
Nineteen Eighty-Four,278
When We Were Kings,277
Raise the Red Lantern,277
Mumford,277
Where the Heart Is,277
Swiss Family Robinson,276
Return to Oz,276
Agnes of God,276
"Taking of Pelham One Two Three, The",276
Mulholland Falls,275
Holiday Inn,275
"Gold Rush, The",275
Everyone Says I Love You,274
"Nightmare on Elm Street Part 2: Freddy's Revenge, A",274
Rocky V,274
Creature Comforts,274
Auntie Mame,274
Shallow Grave,273
Supercop,273
Christine,273
Swamp Thing,273
Shampoo,273
Wolf,272
8MM,272
Cat on a Hot Tin Roof,271
Iron Eagle,271
City Lights,271
Empire Records,271
White Christmas,271
Wyatt Earp,270
Body Snatchers,269
Around the World in 80 Days,269
"Thin Blue Line, The",269
Murphy's Romance,269
Hamlet,269
It Could Happen to You,268
All Quiet on the Western Front,268
"Nightmare on Elm Street 3: Dream Warriors, A",268
"Parent Trap, The",268
Inherit the Wind,268
"Flintstones, The",267
Breaking the Waves,267
"Slums of Beverly Hills, The",267
Eye of the Beholder,267
Firestarter,267
"Unbearable Lightness of Being, The",266
Fools Rush In,266
Ulee's Gold,266
Varsity Blues,266
"Towering Inferno, The",266
Instinct,266
"Bamba, La",266
Smilla's Sense of Snow,265
"Mrs. Brown (Her Majesty, Mrs. Brown)",265
"American Werewolf in Paris, An",265
Where Eagles Dare,265
"Wild Bunch, The",264
Kids in the Hall: Brain Candy,264
Mercury Rising,264
Tender Mercies,264
Psycho,264
Loaded Weapon 1,264
"Bronx Tale, A",263
Great Expectations,263
Medicine Man,263
Candyman,262
"Muppet Christmas Carol, The",262
Immortal Beloved,261
Guys and Dolls,260
Casper,259
"Misérables, Les",259
54,259
Cocoon: The Return,259
Running Scared,259
"Cradle Will Rock, The",259
Red Rock West,258
"Parent Trap, The",258
"7th Voyage of Sinbad, The",258
Forget Paris,257
"Corrina, Corrina",257
Diva,257
Muppet Treasure Island,256
Last Man Standing,256
"Outsiders, The",256
Disclosure,254
Farewell My Concubine,254
"Last Temptation of Christ, The",254
Bottle Rocket,253
"39 Steps, The",253
"Falcon and the Snowman, The",253
"Man Who Knew Too Little, The",252
Take the Money and Run,252
"Bachelor, The",252
"Bicycle Thief, The (Ladri di biciclette)",252
Wes Craven's New Nightmare,251
Top Hat,251
"Presidio, The",251
Teenage Mutant Ninja Turtles II: The Secret of the Ooze,251
U Turn,250
Random Hearts,250
Plan 9 from Outer Space,249
"Rescuers, The",249
Renaissance Man,248
Re-Animator,248
Nutty Professor II: The Klumps,248
Angels in the Outfield,247
"Texas Chainsaw Massacre, The",247
Detroit Rock City,246
"Brother from Another Planet, The",246
Blowup,246
Airheads,245
Cujo,245
"Searchers, The",245
F/X 2,245
Tampopo,245
Mary Shelley's Frankenstein,244
"Killer, The (Die xue shuang xiong)",244
Gung Ho,244
Jagged Edge,244
Three Colors: Blue,243
Richard III,242
"Love Bug, The",242
Wings of Desire (Der Himmel über Berlin),242
"Nightmare on Elm Street 4: The Dream Master, A",242
Needful Things,242
Once Upon a Time in America,241
Hang 'em High,241
Badlands,241
"Replacements, The",241
Addicted to Love,240
Funny Farm,240
"Jungle Book, The",239
Multiplicity,239
Child's Play,239
"Rescuers Down Under, The",239
My Blue Heaven,239
Stop Making Sense,239
"Nosferatu (Nosferatu, eine Symphonie des Grauens)",238
Brassed Off,238
Doctor Dolittle,238
My Bodyguard,238
Fletch Lives,238
Dracula,238
Chain Reaction,237
"Relic, The",237
Nine 1/2 Weeks,237
White Squall,236
My Own Private Idaho,236
"Best Years of Our Lives, The",236
Practical Magic,236
Exotica,235
Forces of Nature,235
Cookie's Fortune,235
Croupier,235
Homeward Bound: The Incredible Journey,234
"Battleship Potemkin, The (Bronenosets Potyomkin)",234
Bring It On,234
Nobody's Fool,233
She's the One,233
Children of the Corn,233
Shadow of a Doubt,233
Cube,233
Fly Away Home,232
"Apple Dumpling Gang, The",232
Beverly Hills Ninja,232
Muppets From Space,232
"Invisible Man, The",232
Batman: Mask of the Phantasm,232
"Howling, The",231
"Transformers: The Movie, The",231
Mouse Hunt,231
"Clan of the Cave Bear, The",231
Paths of Glory,230
Some Kind of Wonderful,230
Blues Brothers 2000,230
Buena Vista Social Club,230
Nick of Time,229
"Mission, The",229
Milk Money,228
Fearless,228
With Honors,228
8 1/2,228
"Edge, The",227
Deep Rising,227
"Bell, Book and Candle",227
One Fine Day,226
"Quiet Man, The",226
Urban Legend,226
Mutiny on the Bounty,225
Police Academy 2: Their First Assignment,225
Brighton Beach Memoirs,225
Angela's Ashes,225
"Misérables, Les",224
Trekkies,224
"Omega Man, The",224
Santa Claus: The Movie,223
Birdy,223
What Ever Happened to Baby Jane?,223
"Creature From the Black Lagoon, The",223
Jingle All the Way,222
"Nutty Professor, The",222
Jeremiah Johnson,222
Bloodsport,222
Shaft,222
Dead Presidents,221
Virtuosity,221
Blown Away,221
Winnie the Pooh and the Blustery Day,221
Lolita,221
Song of the South,221
Kids,220
Manon of the Spring (Manon des sources),220
Palmetto,220
"Run Silent, Run Deep",220
"Way We Were, The",220
Death Wish,220
"Walk in the Clouds, A",219
Citizen Ruth,219
"Man for All Seasons, A",219
Henry: Portrait of a Serial Killer,219
Village of the Damned,219
Titanic,219
Heart and Souls,219
Love and Death,219
Junior,218
Matilda,218
"Wings of the Dove, The",218
Showgirls,217
Cold Comfort Farm,217
Indecent Proposal,217
Very Bad Things,217
Hard Target,216
Hellraiser: Bloodline,216
Jean de Florette,216
Bride of Frankenstein,216
"Great Dictator, The",216
Vegas Vacation,216
Nell,215
East of Eden,215
Freddy's Dead: The Final Nightmare,215
All Dogs Go to Heaven,215
Central Station (Central do Brasil),215
Reds,215
Yojimbo,215
Jungle Fever,215
"Mod Squad, The",214
Smoke,213
Operation Dumbo Drop,213
Suicide Kings,213
Oliver!,213
Something Wicked This Way Comes,213
Lifeboat,213
Superstar,213
Places in the Heart,213
Murder in the First,212
"Paper, The",212
"Man Without a Face, The",212
Up in Smoke,212
Never Cry Wolf,212
Nine Months,211
When a Man Loves a Woman,211
"Object of My Affection, The",211
Tommy,211
Jaws 3-D,210
"Horse Whisperer, The",210
Blind Date,210
She's Gotta Have It,210
Magnum Force,210
Swimming with Sharks,209
Aladdin and the King of Thieves,209
Madonna: Truth or Dare,209
Barcelona,208
McCabe & Mrs. Miller,208
"Tao of Steve, The",208
Sirens,207
Idle Hands,207
Son in Law,206
Spellbound,206
Hard Rain,206
Attack of the Killer Tomatoes!,206
"General, The",206
"Shop Around the Corner, The",206
"Adventures of Rocky and Bullwinkle, The",206
Abbott and Costello Meet Frankenstein,206
Living in Oblivion,205
Marty,205
Jack Frost,205
Daylight,204
"Boys from Brazil, The",204
"To Wong Foo, Thanks for Everything! Julie Newmar",203
Under Siege 2: Dark Territory,203
Highlander III: The Sorcerer,203
"Shadow, The",203
To Sir with Love,203
Three Colors: White,202
Robocop 3,202
Simon Birch,202
Sister Act 2: Back in the Habit,202
My Life in Pink (Ma vie en rose),201
"American Tail: Fievel Goes West, An",201
Blame It on Rio,201
Runaway Train,201
Lolita,201
Coyote Ugly,201
Bean,200
"Nightmare on Elm Street 5: The Dream Child, A",200
"Black Cauldron, The",200
"End of the Affair, The",200
"Cutting Edge, The",200
Dancer in the Dark,200
Friday the 13th Part 3: 3D,199
Halloween: H20,199
"Lady Vanishes, The",199
"Out-of-Towners, The",199
Teaching Mrs. Tingle,199
"Buddy Holly Story, The",199
...And Justice for All,199
Force 10 from Navarone,199
Eraserhead,199
Anatomy of a Murder,199
"Cook the Thief His Wife & Her Lover, The",198
Half Baked,198
Species II,198
Metropolitan,198
Tom Jones,198
"Cat from Outer Space, The",198
Affliction,198
Steamboat Willie,197
"Next Stop, Wonderland",196
Police Academy 3: Back in Training,196
Boys on the Side,195
What's Love Got to Do with It?,195
Halloween II,195
"Butcher's Wife, The",195
"Great Santini, The",195
Coming Home,195
Angels and Insects,194
Boomerang,194
"Christmas Carol, A",194
Night on Earth,194
"House of Yes, The",194
Tora! Tora! Tora!,194
In the Mouth of Madness,193
D2: The Mighty Ducks,193
Soul Man,193
Barefoot in the Park,193
Black Sheep,192
Me Myself I,192
Rope,191
Missing in Action,191
"Prophecy, The",190
Spice World,190
Nighthawks,190
Drowning Mona,190
Thunderbolt and Lightfoot,190
"Affair to Remember, An",189
"Very Brady Sequel, A",189
Meet Me in St. Louis,189
Kolya,189
"Fast, Cheap & Out of Control",189
"Big Hit, The",189
Red Sonja,189
Virus,189
Dead Ringers,189
My Science Project,189
My Man Godfrey,188
"Mirror Has Two Faces, The",188
Teenage Mutant Ninja Turtles III,188
Mystery Train,188
Canadian Bacon,187
Cabin Boy,187
Gigi,187
Gaslight,187
Apt Pupil,187
"400 Blows, The (Les Quatre cents coups)",187
Return from Witch Mountain,186
Hero,186
"Hard 8 (a.k.a. Sydney, a.k.a. Hard Eight)",186
Saving Grace,186
Malice,185
Swing Kids,185
Outrageous Fortune,185
"Happy, Texas",185
Action Jackson,185
But I'm a Cheerleader,184
Richie Rich,183
Halloween: The Curse of Michael Myers,183
Hocus Pocus,183
BASEketball,183
Lifeforce,183
"Haunting, The",183
Beautiful Girls,182
Koyaanisqatsi,182
Poltergeist II: The Other Side,182
Center Stage,182
"Toxic Avenger, The",182
Supergirl,182
"Basketball Diaries, The",181
Volcano,181
200 Cigarettes,181
King of New York,180
Freaky Friday,180
Mighty Joe Young,180
What Planet Are You From?,180
Big Momma's House,180
Voyage to the Bottom of the Sea,180
Persuasion,179
Another Stakeout,179
Robert A. Heinlein's The Puppet Masters,179
Eve's Bayou,179
"Man Who Knew Too Much, The",179
Living Out Loud,179
Airport,179
Stop! Or My Mom Will Shoot,179
Hamlet,179
"Way of the Gun, The",179
Screamers,178
No Escape,178
Threesome,178
"Crush, The",178
"Borrowers, The",177
"NeverEnding Story II: The Next Chapter, The",177
Matewan,177
Born Yesterday,177
Mr. Saturday Night,177
Killing Zoe,176
Kundun,176
"Boy Who Could Fly, The",176
Hanging Up,176
East is East,176
Bronco Billy,176
Spanking the Monkey,175
Shall We Dance?,175
"Seventh Sign, The",175
Wing Commander,175
"Bear, The",175
Thinner,174
Funny Face,174
Cat People,174
Police Academy 4: Citizens on Patrol,174
Quest for Fire,174
Once Upon a Time in the West,173
Vampires,173
Who's Harry Crumb?,173
"Little Princess, A",172
Mr. Nice Guy,172
"Last Detail, The",172
Jack,171
"Ghost and Mrs. Muir, The",171
Friday the 13th Part 2,171
And the Band Played On,171
Ravenous,171
Brokedown Palace,171
Bad Lieutenant,171
House Party,171
Waiting to Exhale,170
Miracle on 34th Street,170
Michael Collins,170
"Fog, The",170
Message in a Bottle,170
Sliver,169
Freeway,169
Friday the 13th: The Final Chapter,169
"Deep End of the Ocean, The",169
Barry Lyndon,169
On the Town,169
Belle de jour,168
"Goofy Movie, A",168
Once Were Warriors,168
Mother,168
Fierce Creatures,168
Paulie,168
Next Friday,168
"Road to El Dorado, The",168
Everest,167
Picnic at Hanging Rock,167
Suspicion,167
Mona Lisa,167
North Dallas Forty,167
Hellbound: Hellraiser II,167
Restoration,166
How to Make an American Quilt,166
Things to Do in Denver when You're Dead,166
Boxing Helena,166
House,166
"Adventures of Milo and Otis, The",166
Carnal Knowledge,166
Damien: Omen II,165
"Grand Illusion (Grande illusion, La)",165
Seven Days in May,165
"Kid, The",165
Something to Talk About,164
"Great Race, The",164
Clockwatchers,164
Baby Geniuses,164
"Soldier's Story, A",164
Operation Condor (Feiying gaiwak),164
Psycho II,164
"Return of Jafar, The",163
"Other Sister, The",163
Mommie Dearest,163
Outside Providence,163
Titus,163
Twin Peaks: Fire Walk with Me,163
Ghosts of Mississippi,162
Selena,162
Picture Perfect,162
Babes in Toyland,162
"Mummy, The",162
Cat's Eye,162
Village of the Damned,161
To Be or Not to Be,161
Disturbing Behavior,161
One Crazy Summer,161
Monkey Shines,161
Sullivan's Travels,161
Piranha,161
Anywhere But Here,161
Supernova,161
Dracula: Dead and Loving It,160
Money Train,160
Before Sunrise,160
He Got Game,160
Hilary and Jackie,160
Problem Child,160
Indochine,160
"Next Best Thing, The",160
"Hunger, The",160
Paradise Lost: The Child Murders at Robin Hood Hills,159
Only You,158
"Return of Martin Guerre, The (Retour de Martin Guerre, Le)",158
Darby O'Gill and the Little People,158
Pink Flamingos,158
Four Rooms,157
Thirty-Two Short Films About Glenn Gould,157
"Muse, The",157
She-Devil,157
Puppet Master,157
"Beverly Hillbillies, The",156
"Spitfire Grill, The",156
"Shaggy Dog, The",156
McHale's Navy,156
"Corruptor, The",156
Benji,156
"Pawnbroker, The",156
"Next Karate Kid, The",155
"Butcher Boy, The",155
Liberty Heights,155
Lucas,155
"Postman Always Rings Twice, The",155
"Candidate, The",154
Home Alone 3,154
"Journey of Natty Gann, The",154
Man Bites Dog (C'est arrivé près de chez vous),154
Nixon,153
"Specialist, The",153
Dead Man,153
Alligator,153
"Cowboy Way, The",152
"Program, The",152
Twelfth Night,152
In the Army Now,151
Tales from the Crypt Presents: Bordello of Blood,151
Love and Death on Long Island,151
"Asphalt Jungle, The",151
"Golden Voyage of Sinbad, The",151
Police Academy 5: Assignment: Miami Beach,150
Tales from the Hood,149
"Road to Wellville, The",149
Police Academy 6: City Under Siege,149
"They Shoot Horses, Don't They?",149
"Endless Summer, The",149
"Beautician and the Beast, The",148
"Rapture, The",148
Jules and Jim (Jules et Jim),148
Iron Eagle II,148
Near Dark,148
One False Move,148
Jesus' Son,148
Exit to Eden,147
Enchanted April,147
Passion Fish,147
Maximum Overdrive,147
"Trouble with Harry, The",147
Bride of Chucky,147
"Original Kings of Comedy, The",147
"Bank Dick, The",147
Cutthroat Island,146
Looking for Richard,146
Down by Law,146
Jungle2Jungle (a.k.a. Jungle 2 Jungle),146
Stepmom,146
Home Fries,146
"Winslow Boy, The",146
Angus,145
"Fan, The",145
Lost Highway,145
8 Heads in a Duffel Bag,145
Condorman,145
"Lady Eve, The",145
Mansfield Park,145
"Kid in King Arthur's Court, A",144
Tales From the Crypt Presents: Demon Knight,144
Oliver & Company,144
Booty Call,144
Return to Paradise,144
"Night at the Roxbury, A",144
Mighty Joe Young,144
"Love Letter, The",144
Coma,144
"Night to Remember, A",144
"Art of War, The",144
Bio-Dome,143
Priest,143
"Getaway, The",143
"Raisin in the Sun, A",143
Solaris (Solyaris),143
Godzilla 2000 (Gojira ni-sen mireniamu),143
D3: The Mighty Ducks,142
Major League: Back to the Minors,142
"Emerald Forest, The",142
Dangerous Minds,141
Higher Learning,141
Color of Night,141
"Celluloid Closet, The",141
"Substitute, The",141
Crash,141
"Rugrats Movie, The",141
"Dreamlife of Angels, The (La Vie rêvée des anges)",141
Someone to Watch Over Me,141
Kagemusha,141
Volunteers,141
Waking the Dead,141
Porky's II: The Next Day,141
Major Payne,140
Speechless,140
Sgt. Bilko,140
"Trip to Bountiful, The",140
How Stella Got Her Groove Back,140
52 Pick-Up,140
Up Close and Personal,139
Lord of Illusions,139
20 Dates,139
SLC Punk!,139
"Taming of the Shrew, The",139
Poison Ivy,139
Eyes of Laura Mars,139
Houseguest,138
"Pillow Book, The",138
Loser,138
Easy Money,138
Terminal Velocity,137
"Postman, The",137
Allan Quartermain and the Lost City of Gold,137
Pollyanna,136
Until the End of the World (Bis ans Ende der Welt),136
Walkabout,136
King Kong vs. Godzilla (Kingukongu tai Gojira),136
Children of the Damned,136
Mildred Pierce,136
Pokémon: The First Movie,136
"Pagemaster, The",135
True Crime,135
"Crow: City of Angels, The",135
Herbie Rides Again,135
"Last Days of Disco, The",135
Dirty Work,135
"Thing From Another World, The",135
Frances,135
Highlander: Endgame,135
Runaway,135
Mortal Kombat: Annihilation,134
"Mighty, The",134
"Wolf Man, The",134
Beyond the Mat,134
"Place in the Sun, A",134
Down Periscope,133
Judgment Night,133
High Art,133
Child's Play 2,133
Saturn 3,133
Music of the Heart,133
Drunken Master (Zui quan),133
Against All Odds,133
"War Room, The",132
Ninotchka,132
Tie Me Up! Tie Me Down!,132
Joe's Apartment,131
"Old Man and the Sea, The",131
Inventing the Abbotts,131
"Great Mouse Detective, The",131
Meteor,131
True Crime,131
Giant,130
Dead Man on Campus,130
Armed and Dangerous,130
"Killing, The",130
"Distinguished Gentleman, The",130
U2: Rattle and Hum,130
Drop Zone,129
Striking Distance,129
"Double Life of Veronique, The (La Double Vie de Véronique)",129
Halloween 4: The Return of Michael Myers,129
Mafia!,129
Class,129
"Tigger Movie, The",129
Breathless,129
City Hall,128
Fear,128
Wishmaster,128
"Computer Wore Tennis Shoes, The",128
Fanny and Alexander,128
"Gods Must Be Crazy II, The",128
"Man Who Knew Too Much, The",128
Blue Streak,128
Dying Young,128
"Flintstones in Viva Rock Vegas, The",128
Ready to Wear (Pret-A-Porter),127
I Love Trouble,127
Basquiat,127
Marked for Death,127
Halloween 5: The Revenge of Michael Myers,127
"Exorcist III, The",127
"Bad Seed, The",127
Time Code,127
Girlfight,127
Assassins,126
"Three Caballeros, The",126
Rosewood,126
Velvet Goldmine,126
Playing by Heart,126
Clay Pigeons,125
Aces: Iron Eagle III,125
Surviving the Game,124
"Daytrippers, The",124
Mr. Death: The Rise and Fall of Fred A. Leuchter Jr.,124
Stranger Than Paradise,124
Burnt By the Sun (Utomlyonnye solntsem),123
"Phantom, The",123
That Darn Cat!,123
Wrongfully Accused,123
My Favorite Martian,123
"Lost Weekend, The",122
Tea with Mussolini,122
Down to You,122
Snow Day,122
Gypsy,122
Porky's Revenge,122
"Last Supper, The",121
Mrs. Winterbourne,121
Harriet the Spy,121
Extreme Measures,121
"Paris, Texas",121
My Fellow Americans,121
Stardust Memories,121
Godzilla (Gojira),121
Dudley Do-Right,121
Blue Hawaii,121
Chuck & Buck,121
Bed of Roses,120
Backbeat,120
Kazaam,120
Communion,120
Crooklyn,119
"Newton Boys, The",119
All the King's Men,119
Orgazmo,119
Jawbreaker,119
Earthquake,119
Drive Me Crazy,119
Love and Basketball,119
Marnie,118
Jakob the Liar,118
Days of Heaven,118
Peter's Friends,118
Bonfire of the Vanities,118
"Umbrellas of Cherbourg, The (Parapluies de Cherbourg, Les)",117
Romeo Is Bleeding,117
Ruby in Paradise,117
"Celebration, The (Festen)",117
Gulliver's Travels,117
Autumn in New York,117
Clockers,116
April Fool's Day,116
"Life Less Ordinary, A",116
Madeline,116
"Texas Chainsaw Massacre 2, The",116
Pet Sematary II,116
Jennifer 8,116
Chungking Express,115
Simply Irresistible,115
"Juror, The",114
Just Cause,114
Vanya on 42nd Street,114
Orlando,114
Friday the 13th Part V: A New Beginning,114
Free Willy 2: The Adventure Home,113
Mad City,113
Henry Fool,113
Hamlet,113
Exorcist II: The Heretic,113
"Shaggy D.A., The",113
"Gate, The",113
Baby... Secret of the Lost Legend,113
Sleepwalkers,113
Stuart Saves His Family,112
"Preacher's Wife, The",112
Air Bud,112
Friday the 13th Part VI: Jason Lives,112
Poltergeist III,112
One True Thing,112
"Phantom of the Opera, The",112
American Pop,112
Pumpkinhead,112
Don't Be a Menace to South Central While Drinking Your Juice in the Hood,111
Desperate Measures,111
Nights of Cabiria (Le Notti di Cabiria),111
"Best Man, The",111
"Murder, My Sweet",110
"Navigator: A Mediaeval Odyssey, The",110
Nothing in Common,110
Flawless,110
Kull the Conqueror,109
"MatchMaker, The",109
Red Corner,109
"Apple Dumpling Gang Rides Again, The",109
Your Friends and Neighbors,109
Death and the Maiden,108
To Gillian on Her 37th Birthday,108
"Crucible, The",108
Krippendorf's Tribe,108
Melvin and Howard,108
Splendor in the Grass,108
"Little Rascals, The",107
Spy Hard,107
How Green Was My Valley,107
Pork Chop Hill,107
Pit and the Pendulum,107
Gilda,107
Carnival of Souls,107
Flesh and Bone,106
Solo,106
Out of the Past,106
Sinbad and the Eye of the Tiger,106
Duets,106
Party Girl,105
Street Fighter,105
Blue Sky,105
Heaven & Earth,105
"Mark of Zorro, The",105
Fled,105
"Gay Divorcee, The",105
Paris Is Burning,105
Halloween III: Season of the Witch,105
"Rage: Carrie 2, The",105
Captain Horatio Hornblower,105
Bulletproof,104
Marvin's Room,104
Homegrown,104
Herbie Goes Bananas,104
Beloved,104
"Palm Beach Story, The",104
Creepshow 2,104
Missing in Action 2: The Beginning,104
Return of the Fly,104
Stealing Beauty,103
Foxfire,103
Love! Valour! Compassion!,103
House II: The Second Story,103
Three to Tango,103
East-West (Est-ouest),103
Anchors Aweigh,103
Sudden Death,102
Kiss of Death,102
"Low Down Dirty Shame, A",102
"Believers, The",102
"Big One, The",102
"Walk on the Moon, A",102
Life,102
After Life,102
Dracula,102
"Dark Half, The",102
"Suddenly, Last Summer",102
Cemetery Man (Dellamorte Dellamore),101
"Glimmer Man, The",101
Two Girls and a Guy,101
Herbie Goes to Monte Carlo,101
Maurice,101
Flying Tigers,101
"Fighting Seabees, The",101
Othello,100
Safe,100
Fatal Instinct,100
Little Big League,100
I Shot Andy Warhol,100
"Blue Angel, The (Blaue Engel, Der)",100
"Garden of Finzi-Contini, The (Giardino dei Finzi-Contini, Il)",100
Metro,100
Dangerous Beauty,100
Tales from the Darkside: The Movie,100
Children of Paradise (Les enfants du paradis),100
Pokémon the Movie 2000,100
Get Carter,100
Balto,99
Home for the Holidays,99
"NeverEnding Story III, The",99
Friday the 13th Part VIII: Jason Takes Manhattan,99
Hurlyburly,99
Problem Child 2,99
Brief Encounter,99
For Whom the Bell Tolls,98
Trees Lounge,98
"Wrong Man, The",98
"Fantastic Planet, The (La Planète sauvage)",98
Psycho III,98
Fitzcarraldo,98
Assault on Precinct 13,98
Lawnmower Man 2: Beyond Cyberspace,97
Boys Life,97
Made in America,97
Lost Horizon,97
"Davy Crockett, King of the Wild Frontier",97
Child's Play 3,97
Swept Away (Travolti da un insolito destino nell'azzurro mare d'Agosto),97
American Flyers,97
Shakes the Clown,97
Fair Game,96
"Ruling Class, The",96
Blank Check,96
Celebrity,96
House on Haunted Hill,96
Who's That Girl?,96
Max Dugan Returns,96
Bamboozled,96
"Gingerbread Man, The",95
Frenzy,95
"Pope of Greenwich Village, The",95
Twin Falls Idaho,95
On the Beach,95
Black Beauty,94
Naked,94
"Tin Drum, The (Blechtrommel, Die)",94
Microcosmos (Microcosmos: Le peuple de l'herbe),94
Dear God,94
Albino Alligator,94
That Darn Cat!,94
It Came from Outer Space,94
Things Change,94
"Watcher, The",94
Kicking and Screaming,93
Jeffrey,93
Mighty Morphin Power Rangers: The Movie,93
Fresh,93
Candyman: Farewell to the Flesh,93
Foreign Correspondent,93
Set It Off,93
Newsies,93
Tough Guys,93
"Mummy, The",93
Irma la Douce,93
My Man Godfrey,93
Hands on a Hard Body,92
"Boondock Saints, The",92
Dersu Uzala,92
Black and White,92
"Hollywood Knights, The",92
Puppet Master III: Toulon's Revenge,92
Urban Legends: Final Cut,92
Jade,91
"Great White Hype, The",91
Mediterraneo,91
Men With Guns,91
Gentleman's Agreement,91
Friday the 13th Part VII: The New Blood,91
Prom Night,91
"Incredible Journey, The",91
Universal Soldier: The Return,91
Oscar and Lucinda (a.k.a. Oscar & Lucinda),91
"Man and a Woman, A (Un Homme et une Femme)",91
"Star Is Born, A",91
"Air Up There, The",90
Beautiful Thing,90
Trust,90
"Evening Star, The",90
Playing God,90
Holy Man,90
I Saw What You Did,90
"Man with the Golden Arm, The",90
Antonia's Line (Antonia),89
Vampire in Brooklyn,89
Bad Girls,89
Moll Flanders,89
Saboteur,89
Caligula,89
Here on Earth,89
Phantasm II,89
Mary Reilly,88
Fathers' Day,88
Excess Baggage,88
Rocket Man,88
Switchback,88
Limbo,88
42 Up,88
My Life,88
Burglar,88
Beyond Rangoon,87
Geronimo: An American Legend,87
"Big Blue, The (Le Grand Bleu)",87
FairyTale: A True Story,87
"Morning After, The",87
"Wood, The",87
Sesame Street Presents Follow That Bird,87
Sunshine,87
Hellraiser III: Hell on Earth,87
Queen Margot (La Reine Margot),86
Go Fish,86
Betrayed,86
Unstrung Heroes,85
Feeling Minnesota,85
Soul Food,85
Peeping Tom,85
Wilde,85
Trick,85
"Incredibly True Adventure of Two Girls in Love, The",85
Death Wish II,85
"Lords of Flatbush, The",85
"Long Walk Home, The",85
"War, The",84
"Women, The",84
She's So Lovely,84
How to Be a Player,84
Grand Hotel,84
Airport 1975,84
"Twelve Chairs, The",84
Romper Stomper,83
Family Plot,83
We're No Angels,83
Nothing But Trouble,83
"Minus Man, The",83
White Sands,83
Interiors,83
Unzipped,82
Jane Eyre,82
Meet John Doe,82
SubUrbia,82
Welcome To Sarajevo,82
Afterglow,82
Mrs. Miniver,82
"Long Goodbye, The",82
Frankenstein Meets the Wolf Man,82
"Raven, The",82
Felicia's Journey,82
Gossip,82
Puppet Master II,82
"Eyes of Tammy Faye, The",82
Jury Duty,81
Even Cowgirls Get the Blues,81
Picnic,81
Get on the Bus,81
Amos & Andrew,81
Kama Sutra: A Tale of Love,81
Fire Down Below,81
Mephisto,81
"Dinner Game, The (Le Dîner de cons)",81
"Ipcress File, The",81
March of the Wooden Soldiers (a.k.a. Laurel & Hardy in Toyland),81
Braddock: Missing in Action III,81
Farinelli: il castrato,80
Mixed Nuts,80
Two if by Sea,79
"Young Poisoner's Handbook, The",79
Love Affair,79
"Pallbearer, The",79
Graveyard Shift,79
Dance with Me,79
Young Doctors in Love,79
Airport '77,79
Crimes of the Heart,79
Mo' Better Blues,79
Girl 6,78
High School High,78
"Chamber, The",78
"Odessa File, The",78
"Family Thing, A",77
First Kid,77
"Little Princess, The",77
Nightwatch,77
Phantoms,77
Firestorm,77
You Can't Take It With You,77
Seven Beauties (Pasqualino Settebellezze),77
"Yards, The",77
"Razor's Edge, The",77
Woman in the Dunes (Suna no onna),77
Prick Up Your Ears,77
Carnosaur,77
"Sugarland Express, The",77
Boys and Girls,77
Dunston Checks In,76
Night Falls on Manhattan,76
Billy's Hollywood Screen Kiss,76
Son of Flubber,76
Permanent Midnight,76
"Scarlet Letter, The",75
Blue Chips,75
All Dogs Go to Heaven 2,75
Hoodlum,75
Shanghai Triad (Yao a yao yao dao waipo qiao),74
King of the Hill,74
Heavy,74
Indian Summer (a.k.a. Alive & Kicking),74
Mortal Thoughts,74
"Impostors, The",74
Heartburn,74
At First Sight,74
"Face in the Crowd, A",74
School Daze,74
Coogan's Bluff,74
Ponette,73
Meatballs Part II,73
Ride with the Devil,73
"Crimson Pirate, The",73
8 Seconds,72
Withnail and I,72
Kurt & Courtney,72
"Dancer, Texas Pop. 81",72
Haunted Honeymoon,72
Operation Condor 2 (Longxiong hudi),72
"Omega Code, The",72
Pal Joey,72
Death Wish 3,72
"Good Earth, The",72
Duel in the Sun,72
Little Buddha,71
Fear of a Black Hat,71
Diabolique,71
"Band Wagon, The",71
Prefontaine,71
Trial and Error,71
Six-String Samurai,71
Earth Vs. the Flying Saucers,71
Under the Rainbow,71
Where the Buffalo Roam,71
Bride of the Monster,71
Stay Tuned,71
"Fury, The",71
Carrington,70
Braindead,70
"Governess, The",70
"Soldier's Daughter Never Cries, A",70
'Night Mother,70
Play it to the Bone,70
"Girl on the Bridge, The (La Fille sur le Pont)",70
"Broken Hearts Club, The",70
"Addiction, The",69
"House of the Spirits, The",69
North,69
Mother Night,69
Grace of My Heart,69
My Giant,69
Air Bud: Golden Receiver,69
Extremities,69
Xiu Xiu: The Sent-Down Girl (Tian yu),69
Sanjuro,69
Repulsion,69
Quatermass and the Pit,69
Butterfly (La Lengua de las Mariposas),69
Cecil B. Demented,69
Woman on Top,69
Tom and Huck,68
If Lucy Fell,68
"Scout, The",68
Quest for Camelot,68
Get Real,68
Better Than Chocolate,68
Stanley & Iris,68
"Dorado, El",68
I Dreamed of Africa,68
Eye for an Eye,67
Cobb,67
For Love or Money,67
Radioland Murders,67
Homeward Bound II: Lost in San Francisco,67
Bread and Chocolate (Pane e cioccolata),67
Steel,67
"King of Masks, The (Bian Lian)",67
"Pajama Game, The",67
Bats,67
Fatal Beauty,67
Blue in the Face,66
"Jerky Boys, The",66
Fandango,66
Twin Dragons (Shuang long hui),66
Black Mask (Hak hap),66
"Cry in the Dark, A",66
Tumbleweeds,66
Stealing Home,66
My Chauffeur,66
Ready to Rumble,66
Clara's Heart,66
"Five Senses, The",66
Wonderland,66
"Faraway, So Close (In Weiter Ferne, So Nah!)",66
Free Willy 3: The Rescue,65
Money Talks,65
Polish Wedding,65
Son of Frankenstein,65
Red Sorghum (Hong Gao Liang),65
Bride of Re-Animator,65
Meatballs III,65
Destination Moon,65
"Color of Paradise, The (Rang-e Khoda)",65
Night of the Creeps,65
"Babysitter, The",64
Cops and Robbersons,64
Life with Mikey,64
Alphaville,64
"Body Snatcher, The",64
"Pest, The",64
Mr. Magoo,64
"Odd Couple II, The",64
Friends & Lovers,64
Lost & Found,64
"River, The",64
House Party 2,64
Losing Isaiah,63
Bastard Out of Carolina,63
In Love and War,63
"Van, The",63
Star Kid,63
Going My Way,63
In Dreams,63
"Tingler, The",63
"Masque of the Red Death, The",63
Fright Night Part II,63
"Big Country, The",63
Shower (Xizhao),63
"Wonderful, Horrible Life of Leni Riefenstahl, The (Die Macht der Bilder)",62
Lightning Jack,62
Princess Caraboo,62
Flipper,62
For Richer or Poorer,62
Men Don't Leave,62
Leatherface: Texas Chainsaw Massacre III,62
Open Your Eyes (Abre los ojos),62
Tarantula,62
"Two Jakes, The",62
"Kid, The",62
Gothic,62
Joe Gould's Secret,62
"Decline of Western Civilization, The",62
"Toxic Avenger, Part II, The",62
Now and Then,61
"Doom Generation, The",61
Strawberry and Chocolate (Fresa y chocolate),61
To Live (Huozhe),61
Cronos,61
"Children of Heaven, The (Bacheha-Ye Aseman)",61
"Greatest Show on Earth, The",61
"Sheltering Sky, The",61
No Mercy,61
"Final Conflict, The (a.k.a. Omen III: The Final Conflict)",61
Guinevere,61
Boiling Point,61
American Pimp,61
French Twist (Gazon maudit),60
Mr. Wrong,60
American Buffalo,60
Wild America,60
Almost Heroes,60
Down in the Delta,60
Poison Ivy: New Seduction,60
"War Zone, The",60
Two Moon Juction,60
Screwed,60
Bless the Child,60
Faster Pussycat! Kill! Kill!,59
Maya Lin: A Strong Clear Vision,59
"Trigger Effect, The",59
Out to Sea,59
Jerry Springer: Ringmaster,59
"Champ, The",59
Madame Sousatzka,59
Mrs. Parker and the Vicious Circle,58
"Bye Bye, Love",58
Of Human Bondage,58
Ridicule,58
Mrs. Dalloway,58
Torn Curtain,58
"General, The",58
King Kong Lives,58
"Mole People, The",58
Iron Eagle IV,58
Puppet Master 4,58
Class of Nuke 'Em High,58
MacKenna's Gold,58
Blink,57
Walking and Talking,57
"Truth or Consequences, N.M.",57
Blackbeard's Ghost,57
"Bedroom Window, The",57
"Conformist, The (Il Conformista)",57
"Cup, The (Phِrpa)",57
Prince of the City,57
"World of Apu, The (Apur Sansar)",56
"Farewell to Arms, A",56
Amityville II: The Possession,56
Chill Factor,56
Holy Smoke,56
Blue Collar,56
"Bridge at Remagen, The",56
"Brain That Wouldn't Die, The",56
My Crazy Life (Mi vida loca),55
"Simple Twist of Fate, A",55
Andre,55
"Stupids, The",55
Body Parts,55
187,55
"Kiss Me, Guido",55
Senseless,55
"Far Off Place, A",55
"Effect of Gamma Rays on Man-in-the-Moon Marigolds, The",55
Nadine,55
Get Carter,55
Little Odessa,54
"Swan Princess, The",54
Live Nude Girls,54
"Adventures of Pinocchio, The",54
"Inspector General, The",54
Maximum Risk,54
Bad Taste,54
Wild Man Blues,54
Candleshoe,54
Sabotage,54
If....,54
"Return of the Texas Chainsaw Massacre, The",54
Breakfast of Champions,54
From the Hip,54
"Life and Times of Hank Greenberg, The",54
"End of Violence, The",54
Puppet Master 5: The Final Chapter,54
Tigerland,54
Before and After,53
Burnt Offerings,53
Twilight,53
Tex,53
Glen or Glenda,53
It Came from Beneath the Sea,53
Hamlet,53
Repossessed,53
Beautiful People,53
"Toxic Avenger Part III: The Last Temptation of Toxie, The",53
"White Balloon, The (Badkonake Sefid )",52
White Man's Burden,52
"Horseman on the Roof, The (Hussard sur le toit, Le)",52
'Til There Was You,52
Stalker,52
Angel Baby,52
Children of the Revolution,52
Whatever,52
"Devil and Max Devlin, The",52
Why Do Fools Fall In Love?,52
Children of the Corn II: The Final Sacrifice,52
God Said 'Ha!',52
House of Frankenstein,52
Niagara,52
Not One Less (Yi ge dou bu neng shao),52
Urbania,52
Wild Reeds,51
Celtic Pride,51
Angel and the Badman,51
Turbulence,51
"Prophecy II, The",51
Four Days in September,51
Black Dog,51
Hello Mary Lou: Prom Night II,51
"Curse of Frankenstein, The",51
Last Night,51
"Map of the World, A",51
Date with an Angel,51
"Trial, The (Le Procès)",51
King Creole,51
Groove,51
"Crossing Guard, The",50
Heidi Fleiss: Hollywood Madam,50
House Arrest,50
Jude,50
"Associate, The",50
Hear My Song,50
Audrey Rose,50
"Whole Wide World, The",50
"Thousand Acres, A",50
Washington Square,50
Vibes,50
Love Is a Many-Splendored Thing,50
"Myth of Fingerprints, The",50
Blow-Out (La Grande Bouffe),50
Lonely Are the Brave,50
Moonlight and Valentino,49
National Lampoon's Senior Trip,49
Above the Rim,49
Mr. Wonderful,49
Gone Fishin',49
Gridlock'd,49
Schizopolis,49
"Assignment, The",49
Insomnia,49
Wisdom,49
Bustin' Loose,49
"Glass Bottom Boat, The",49
"Brandon Teena Story, The",49
G. I. Blues,49
8 1/2 Women,49
Our Town,49
Mad Love,48
Poison Ivy II,48
"Red Firecracker, Green Firecracker",48
Clean Slate,48
Land Before Time III: The Time of the Great Giving,48
City of Industry,48
Double Team,48
Kissing a Fool,48
Tango,48
"Lovers of the Arctic Circle, The (Los Amantes del Cيrculo Polar)",48
Hideous Kinky,48
My Son the Fanatic,48
Deterrence,48
Bound for Glory,48
Death Wish 4: The Crackdown,48
"King of Marvin Gardens, The",48
Amateur,47
Guilty as Sin,47
Mr. Jones,47
Bloodsport 2,47
Pather Panchali,47
Heaven's Prisoners,47
Larger Than Life,47
3 Ninjas: High Noon On Mega Mountain,47
Night Flier,47
Cousin Bette,47
Another Day in Paradise,47
Howling II: Your Sister Is a Werewolf,47
"Autumn Tale, An (Conte d'automne)",47
For the Love of Benji,47
"Decline of Western Civilization Part II: The Metal Years, The",47
Phantasm IV: Oblivion,47
Beach Party,47
My Family,46
Bitter Moon,46
Meet Wally Sparks,46
"Castle, The",46
It Came from Hollywood,46
In Too Deep,46
Gun Shy,46
"Hot Spot, The",46
Georgia,45
Hideaway,45
Chasers,45
When the Cats Away (Chacun cherche son chat),45
Wings,45
Children of the Corn III,45
Crazy in Alabama,45
"Third Miracle, The",45
They Might Be Giants,45
Mifune (Mifunes sidste sang),45
Baraka,45
Love's Labour's Lost,45
Bait,45
"Hate (Haine, La)",44
I'll Do Anything,44
Love in the Afternoon,44
Nothing to Lose,44
Turbo: A Power Rangers Movie,44
Warriors of Virtue,44
Wide Awake,44
Character (Karakter),44
Without Limits,44
Dancing at Lughnasa,44
Gloria,44
Chopping Mall (a.k.a. Killbots),44
"Emperor and the Assassin, The (Jing ke ci qin wang)",44
Shaft's Big Score!,44
Two Women (La Ciociara),44
Picture Bride,43
Alaska,43
Bogus,43
Hype!,43
Amityville 3-D,43
"Portrait of a Lady, The",43
Leave It to Beaver,43
Bandit Queen,43
"Fiendish Plot of Dr. Fu Manchu, The",43
Desert Bloom,43
Prancer,43
Free Enterprise,43
Thumbelina,43
Cross of Iron,43
"Devil's Brigade, The",43
Whatever It Takes,43
Cutter's Way,43
H.O.T.S.,43
"Spiral Staircase, The",43
Digimon: The Movie,43
"Perez Family, The",42
"Baby-Sitters Club, The",42
In the Realm of the Senses (Ai no corrida),42
Poetic Justice,42
My Favorite Season,42
"Quest, The",42
Kansas City,42
Children of the Corn IV: The Gathering,42
Paradise Road,42
Hush,42
Hot Lead and Cold Feet,42
Deadly Friend,42
Firewalker,42
Rollercoaster,42
Son of Dracula,42
Best Laid Plans,42
Dog Park,42
Plunkett & MaCleane,42
Go West,42
Private School,42
Phantasm III: Lord of the Dead,42
"Big Green, The",41
Anne Frank Remembered,41
Wild Bill,41
"Underneath, The",41
"Great Day in Harlem, A",41
I Went Down,41
Three Seasons,41
Besieged (L' Assedio),41
Get Bruce,41
"Lovers on the Bridge, The (Les Amants du Pont-Neuf)",41
Perfect Blue,41
Othello,41
Rocketship X-M,41
Miami Rhapsody,40
Bad Company,40
Jason's Lyric,40
Penny Serenade,40
Bliss,40
I'm Not Rappaport,40
Best Men,40
Dream With the Fishes,40
Barney's Great Adventure,40
"Barefoot Executive, The",40
Doug's 1st Movie,40
Meatballs 4,40
And God Created Woman,40
Monsieur Verdoux,40
Trouble in Paradise,40
I'm the One That I Want,40
"Crew, The",40
Steal This Movie!,40
Beautiful,40
Two Family House,40
M. Butterfly,39
Eddie,39
One Night Stand,39
Topaz,39
House of Dracula,39
Band of the Hand,39
Funny Bones,39
"Filth and the Fury, The",39
"Big Carnival, The",39
"Affair of Love, An (Une Liaison Pornographique)",39
Bikini Beach,39
Jefferson in Paris,38
Widows' Peak,38
Getting Even with Dad,38
House Party 3,38
Flirt,38
Tarzan and the Lost City,38
One Tough Cop,38
Otello,38
"Guardian, The",38
Daddy Long Legs,38
Let's Get Harry,38
Death Wish V: The Face of Death,38
Quatermass II,38
"Official Story, The (La Historia Oficial)",38
"Boys of St. Vincent, The",37
What Happened Was...,37
"Scarlet Letter, The",37
Beat the Devil,37
Cats Don't Dance,37
Shiloh,37
"Tango Lesson, The",37
Critical Care,37
Chinese Box,37
"$1,000,000 Duck",37
"Happiest Millionaire, The",37
Tall Tale,37
"Concorde: Airport '79, The",37
My Boyfriend's Back,37
Body Shots,37
How I Won the War,37
Isn't She Great?,37
"Idiots, The (Idioterne)",37
Whipped,37
Thomas and the Magic Railroad,37
Cosi,36
American Dream,36
Blood For Dracula (Andy Warhol's Dracula),36
"Thieves (Voleurs, Les)",36
Buddy,36
Traveller,36
Roseanna's Grave (For Roseanna),36
Hana-bi,36
"Great Ziegfeld, The",36
This Is My Father,36
"Mummy's Tomb, The",36
"Funhouse, The",36
Roommates,35
"Inkwell, The",35
Bhaji on the Beach,35
Underground,35
Surviving Picasso,35
Normal Life,35
Crossfire,35
Palookaville,35
Blood & Wine,35
"Cruise, The",35
My Name Is Joe,35
"Monster, The (Il Mostro)",35
Edge of Seventeen,35
My Best Fiend (Mein liebster Feind),35
Rosetta,35
My Tutor,35
Bossa Nova,35
Rent-A-Cop,35
Fun and Fancy Free,35
Nico Icon,34
"Browning Version, The",34
"Wedding Gift, The",34
Drunks,34
That Old Feeling,34
Beyond the Poseidon Adventure,34
Hell Night,34
Agnes Browne,34
"Good Mother, The",34
Where the Money Is,34
Roustabout,34
Knightriders,34
Once Upon a Time... When We Were Colored,33
Unforgettable,33
Three Wishes,33
"Sum of Us, The",33
"Visitors, The (Les Visiteurs)",33
Stalingrad,33
"Pompatus of Love, The",33
"Perfect Candidate, A",33
"Player's Club, The",33
Mr. & Mrs. Smith,33
"Mummy's Hand, The",33
"Ghost of Frankenstein, The",33
"Adventures of Sebastian Cole, The",33
Only Angels Have Wings,33
"Adventures of Elmo in Grouchland, The",33
"Sandpiper, The",33
Country,33
Hell in the Pacific,33
"Big Tease, The",33
"Man from Laramie, The",33
Shanghai Surprise,33
Sarafina!,33
Crime and Punishment in Suburbia,33
Far From Home: The Adventures of Yellow Dog,32
Suture,32
Ed,32
"Month by the Lake, A",32
Amityville 1992: It's About Time,32
Career Girls,32
Artemisia,32
"Broadway Melody, The",32
Taste of Cherry,32
Mr. Jealousy,32
"Garbage Pail Kids Movie, The",32
My Life So Far,32
Killer's Kiss,32
Wanted: Dead or Alive,32
Romance,32
Poison,32
Raise the Titanic,32
How to Stuff a Wild Bikini,32
Under Suspicion,32
Barenaked in America,32
Double Happiness,31
"Endless Summer 2, The",31
"Favor, The",31
Force of Evil,31
Manny & Lo,31
"Funeral, The",31
Faust,31
Nowhere,31
"Mummy's Curse, The",31
Light of Day,31
Plenty,31
Man Facing Southeast (Hombre Mirando al Sudeste),31
Rawhead Rex,31
Benji the Hunted,31
"Cry, the Beloved Country",30
Total Eclipse,30
Heavyweights,30
S.F.W.,30
Love and a .45,30
It's My Party,30
Cyclo,30
Star Maps,30
Shooting Fish,30
Dream for an Insomniac,30
Autumn Sonata (Hِstsonaten ),30
Still Crazy,30
Queens Logic,30
Carmen,30
Limelight,30
Inferno,30
"Slipper and the Rose, The",30
Sleepaway Camp,30
Mute Witness,29
Fluke,29
"Pyromaniac's Love Story, A",29
Being Human,29
Lassie,29
He Walked by Night,29
Female Perversions,29
Cimarron,29
Live Flesh,29
One Magic Christmas,29
Following,29
Never Talk to Strangers,29
"Source, The",29
Santa Fe Trail,29
"Draughtsman's Contract, The",29
"Zed & Two Noughts, A",29
We're Back! A Dinosaur's Story,29
Up at the Villa,29
Shaft in Africa,29
"In Crowd, The",29
It Takes Two,28
Before the Rain (Pred dozhdot),28
Castle Freak,28
Ladybird Ladybird,28
Panther,28
"Good Man in Africa, A",28
Dear Diary (Caro Diario),28
Switchblade Sisters,28
Kaspar Hauser,28
Caught,28
Love Serenade,28
Bent,28
"Harmonists, The",28
Metroland,28
It Conquered the World,28
Splendor,28
"Communion (a.k.a. Alice, Sweet Alice/Holy Terror)",28
Alvarez Kelly,28
Mike's Murder,28
Kronos,28
Judy Berlin,28
Passion of Mind,28
"Idolmaker, The",28
"Blood In, Blood Out (a.k.a. Bound by Honor)",28
And God Created Woman (Et Dieu&#8230;Créa la Femme),28
Sorority House Massacre II,28
When Night Is Falling,27
Faces,27
"Haunted World of Edward D. Wood Jr., The",27
Love Jones,27
"Simple Wish, A",27
Still Breathing,27
Knock Off,27
I'll Be Home For Christmas,27
"Theory of Flight, The",27
"Last Days, The",27
"King and I, The",27
"Giant Gila Monster, The",27
"Year My Voice Broke, The",27
For All Mankind,27
All the Vermeers in New York,27
"Slumber Party Massacre, The",27
Nadja,26
Trial by Jury,26
Johns,26
B*A*P*S,26
Contempt (Le Mépris),26
Music From Another Room,26
Lawn Dogs,26
Stage Fright,26
"Hi-Lo Country, The",26
"Loss of Sexual Innocence, The",26
Committed,26
Smiling Fish and Goat on Fire,26
Carnosaur 2,26
Curse of the Puppet Master,26
Love & Sex,26
Pajama Party,26
"Slumber Party Massacre II, The",26
"Secret Adventures of Tom Thumb, The",25
Purple Noon,25
Eyes Without a Face,25
"Amityville Curse, The",25
Anna Karenina,25
"Price Above Rubies, A",25
Safe Men,25
Shadrach,25
Slam,25
"Day of the Beast, The (El Dيa de la bestia)",25
"Goodbye, Lover",25
Desert Blue,25
Illuminata,25
Tales of Terror,25
Come See the Paradise,25
Room at the Top,25
"Perils of Pauline, The",25
Psycho Beach Party,25
"Ilsa, She Wolf of the SS",25
Man of the House,24
Calendar Girl,24
Jimmy Hollywood,24
"Grass Harp, The",24
Carpool,24
Girls Town,24
"Cérémonie, La",24
Touch,24
A Chef in Love,24
"Promise, The (La Promesse)",24
Chairman of the Board,24
"Real Blonde, The",24
Parasite,24
Native Son,24
"Terrorist, The (Malli)",24
"Circus, The",24
"Dog's Life, A",24
Jonah Who Will Be 25 in the Year 2000,24
Trixie,24
"Golden Bowl, The",24
Melody Time,24
"Couch in New York, A",24
Goya in Bordeaux (Goya en Bodeos),24
"Awfully Big Adventure, An",23
Pushing Hands,23
"Slingshot, The (Kهdisbellan )",23
Aparajito,23
Little Lord Fauntleroy,23
"Outlaw, The",23
"Damsel in Distress, A",23
"Innocents, The",23
Amityville: A New Generation,23
Zeus and Roxanne,23
Tetsuo II: Body Hammer,23
"Education of Little Tree, The",23
Mass Appeal,23
Assassination,23
"Black Cat, White Cat (Crna macka, beli macor)",23
Kronos,23
"Charlie, the Lonesome Cougar",23
Turtle Diary,23
"Mirror, The (Zerkalo)",23
"Cure, The",22
Amityville: Dollhouse,22
Grateful Dead,22
Hotel de Love,22
Deceiver,22
"Winter Guest, The",22
"Hanging Garden, The",22
"Gnome-Mobile, The",22
"Velocity of Gary, The",22
Little Nemo: Adventures in Slumberland,22
Lulu on the Bridge,22
"Hideous Sun Demon, The",22
Time Regained (Le Temps Retrouvé),22
Sorority House Massacre,22
Last Summer in the Hamptons,21
Nina Takes a Lover,21
Tom & Viv,21
"Saint of Fort Washington, The",21
"Ciao, Professore! (Io speriamo che me la cavo )",21
Police Story 4: Project S (Chao ji ji hua),21
Blood Beach,21
"Cement Garden, The",21
All Over Me,21
Meet the Deedles,21
"Life of ةmile Zola, The",21
Beyond Silence,21
"Night Porter, The (Il Portiere di notte)",21
I Married A Strange Person,21
"Lodger, The",21
Bedrooms & Hallways,21
Simpatico,21
Freedom for Us (ہ nous la liberté ),21
"Story of G.I. Joe, The",21
"Black Sabbath (Tre Volti Della Paura, I)",21
Solas,21
"Colonel Chabert, Le",20
Denise Calls Up,20
Nelly & Monsieur Arnaud,20
Stonewall,20
Angel on My Shoulder,20
"Rich Man's Wife, The",20
Curdled,20
Some Mother's Son,20
"Smile Like Yours, A",20
Wonderland,20
Gang Related,20
Hugo Pool,20
Alien Escape,20
Nil By Mouth,20
"Chambermaid on the Titanic, The",20
"Henry: Portrait of a Serial Killer, Part 2",20
Surf Nazis Must Die,20
"Paradine Case, The",20
Overnight Delivery,20
"Legend of 1900, The (Leggenda del pianista sull'oceano)",20
Love Stinks,20
Sugar Town,20
And the Ship Sails On (E la nave va),20
Chushingura,20
Class Reunion,20
Blood Feast,20
Solar Crisis,20
Vagabond (Sans toit ni loi),20
Make Mine Music,20
Silent Fall,20
Aimée & Jaguar,20
About Adam,20
Love & Human Remains,19
"Walking Dead, The",19
I Like It Like That,19
"Thin Line Between Love and Hate, A",19
Jack and Sarah,19
Mina Tannenbaum,19
Shadow Conspiracy,19
"Sixth Man, The",19
Rough Magic,19
B. Monkey,19
Secret Agent,19
Heart Condition,19
"Gate II: Trespassers, The",19
"Ballad of Narayama, The (Narayama Bushiko)",19
Onegin,19
"Great Locomotive Chase, The",19
"Amazing Panda Adventure, The",18
"Hunted, The",18
New Jersey Drive,18
Coldblooded,18
"Vie est belle, La (Life is Rosey)",18
Madame Butterfly,18
Bad Moon,18
Keys to Tulsa,18
In Search of the Castaways,18
Déjà Vu,18
Eight Days a Week,18
"School of Flesh, The (L' ةcole de la chair)",18
"Very Thought of You, The",18
Experience Preferred... But Not Essential,18
"Hitch-Hiker, The",18
That's Life!,18
Cleo From 5 to 7 (Cléo de 5 à 7),18
"Ballad of Ramblin' Jack, The",18
"Stars Fell on Henrietta, The",17
Safe Passage,17
Germinal,17
"Flower of My Secret, The (La Flor de Mi Secreto)",17
"Single Girl, A (La Fille Seule)",17
Best of the Best 3: No Turning Back,17
Love and Other Catastrophes,17
Head Above Water,17
Telling Lies in America,17
"Cool Dry Place, A",17
"Alan Smithee Film: Burn Hollywood Burn, An",17
I Confess,17
No Small Affair,17
Avalanche,17
"Kindred, The",17
Rain,17
"Mating Habits of the Earthbound Human, The",17
Citizen's Band (a.k.a. Handle with Care),17
Joe the King,17
Tarzan the Fearless,17
Horror Express,17
Carnosaur 3: Primal Species,17
Dark Command,17
Asylum,17
Frankie Starlight,16
Cold Fever (ء kِldum klaka),16
Algiers,16
"Line King: Al Hirschfeld, The",16
Hollow Reed,16
Prom Night IV: Deliver Us From Evil,16
Light It Up,16
"Sea Wolves, The",16
"Killer Shrews, The",16
"Killing of Sister George, The",16
Retroactive,16
Better Living Through Circuitry,16
"Other Side of Sunday, The (Sّndagsengler)",16
"Opportunists, The",16
Reckless,15
Clean Slate (Coup de Torchon),15
Careful,15
T-Men,15
Commandments,15
Fall,15
Prom Night III: The Last Kiss,15
"This World, Then the Fireworks",15
Squanto: A Warrior's Tale,15
Strangeland,15
Steam: The Turkish Bath (Hamam),15
Violets Are Blue...,15
"Brother, Can You Spare a Dime?",15
Two Thousand Maniacs!,15
Minnie and Moskowitz,15
Daughters of the Dust,15
Saludos Amigos,15
Catfish in Black Bean Sauce,15
"Slumber Party Massacre III, The",15
"Star Maker, The (Uomo delle stelle, L')",14
Bushwhacked,14
Kika,14
"Rendezvous in Paris (Rendez-vous de Paris, Les)",14
Raw Deal,14
Nosferatu a Venezia,14
Hearts and Minds,14
Prisoner of the Mountains (Kavkazsky Plennik),14
Gabbeh,14
Swept from the Sea,14
"Land Girls, The",14
Kidnapped,14
Stars and Bars,14
Endurance,14
On the Ropes,14
Alice and Martin (Alice et Martin),14
Head On,14
Rough Night in Jericho,14
"Son of the Sheik, The",14
Human Traffic,14
In the Bleak Midwinter,13
"Steal Big, Steal Little",13
Pie in the Sky,13
Man of the Year,13
Destiny Turns on the Radio,13
You So Crazy,13
"New Age, The",13
Killer (Bulletproof Heart),13
Naked in New York,13
Land and Freedom (Tierra y libertad),13
Gold Diggers: The Secret of Bear Mountain,13
Lady of Burlesque,13
Glory Daze,13
Mad Dog Time,13
Kissed,13
Office Killer,13
Welcome to Woop-Woop,13
"Niagara, Niagara",13
"I Love You, Don't Touch Me!",13
Belizaire the Cajun,13
"Mummy's Ghost, The",13
Stiff Upper Lips,13
"Marcello Mastroianni: I Remember Yes, I Remember",13
Dreaming of Joseph Lees,13
Something for Everyone,13
"Crow: Salvation, The",13
In Old California,13
"Wisdom of Crocodiles, The (a.k.a. Immortality)",13
Whatever Happened to Aunt Alice?,13
"Tic Code, The",13
Big Bully,12
Nobody Loves Me (Keiner liebt mich),12
Jupiter's Wife,12
"Tie That Binds, The",12
"Fear, The",12
Marlene Dietrich: Shadow and Light,12
"Wife, The",12
Golden Earrings,12
"Eighth Day, The (Le Huitième jour )",12
No Looking Back,12
Rich and Strange,12
Shattered Image,12
Relax... It's Just Sex,12
Deadtime Stories,12
New Rose Hotel,12
Julien Donkey-Boy,12
"Ape, The",12
Jail Bait,12
Cool as Ice,12
Roadside Prophets,12
"King in New York, A",12
All the Rage (a.k.a. It's the Rage),12
X: The Unknown,12
Margaret's Museum,11
"Glass Shield, The",11
"Reluctant Debutante, The",11
They Made Me a Criminal,11
Unhook the Stars,11
Bitter Sugar (Azucar Amargo),11
Adrenalin: Fear the Rush,11
Losing Chase,11
Twin Town,11
Incognito,11
Arguing the World,11
Sour Grapes,11
Woo,11
Firelight,11
Blackmail,11
Monument Ave.,11
Hard Core Logo,11
"Saragossa Manuscript, The (Rekopis znaleziony w Saragossie)",11
"Flying Saucer, The",11
"Boys, The",11
Don't Look in the Basement!,11
Cabaret Balkan (Bure Baruta),11
Molly,11
Miss Julie,11
Voyage of the Damned,11
Nekromantik,11
Gordy,10
Gumby: The Movie,10
"Man of No Importance, A",10
Boys,10
My Life and Times With Antonin Artaud (En compagnie d'Antonin Artaud),10
"Maybe, Maybe Not (Bewegte Mann, Der)",10
Celestial Clockwork,10
"Shooter, The",10
"Leading Man, The",10
Go Now,10
Passion in the Desert,10
"Merry War, A",10
Young and Innocent,10
Murder!,10
Twice Upon a Yesterday,10
"Tomb of Ligeia, The",10
Nightmares,10
West Beirut (West Beyrouth),10
"City, The",10
Time of the Gypsies (Dom za vesanje),10
Fever Pitch,10
Battling Butler,10
Different for Girls,10
Last Resort,10
Devil Girl From Mars,10
"Last September, The",10
Anatomy (Anatomie),10
Kids of the Round Table,9
Two Much,9
Loaded,9
"301, 302",9
Last Dance,9
Kim,9
Spirits of the Dead (Tre Passi nel Delirio),9
"Bewegte Mann, Der",9
Infinity,9
Falling in Love Again,9
"Last Time I Committed Suicide, The",9
"Ugly, The",9
"Best Man, The (Il Testimone dello sposo)",9
24-hour Woman,9
"Apple, The (Sib)",9
Bandits,9
Among Giants,9
"Fire Within, The (Le Feu Follet)",9
On Any Sunday,9
"Three Ages, The",9
Diamonds,9
Soft Fruit,9
Those Who Love Me Can Take the Train (Ceux qui m'aiment prendront le train),9
"Abominable Snowman, The",9
Greaser's Palace,9
Bootmen,9
Across the Sea of Time,8
Lamerica,8
"Confessional, The (Le Confessionnal)",8
From the Journals of Jean Seberg,8
Federal Hill,8
"Savage Nights (Nuits fauves, Les)",8
"Beans of Egypt, Maine, The",8
Window to Paris,8
Faithful,8
"Ballad of Narayama, The (Narayama Bushiko)",8
Killer: A Journal of Murder,8
Ed's Next Move,8
So Dear to My Heart,8
Guantanamera,8
Ayn Rand: A Sense of Life,8
Little City,8
Seventh Heaven (Le Septième ciel),8
"Saltmen of Tibet, The",8
Under Capricorn,8
Jamaica Inn,8
Let's Talk About Sex,8
"Alarmist, The",8
Belly,8
Trick or Treat,8
"Bat, The",8
"Dog of Flanders, A",8
Train of Life (Train De Vie),8
Slaughterhouse,8
Blood on the Sun,8
Taffin,8
Time Masters (Les Maîtres du Temps),8
"Woman of Paris, A",8
"Specials, The",8
Catwalk,7
Carried Away,7
"Story of Xinghua, The",7
"Big Squeeze, The",7
Dadetown,7
Santa with Muscles,7
Message to Love: The Isle of Wight Festival,7
"Quiet Room, The",7
Temptress Moon (Feng Yue),7
Ripe,7
"Designated Mourner, The",7
Hurricane Streets,7
Stranger in the House,7
Time Tracers,7
Prince Valiant,7
Little Boy Blue,7
Full Tilt Boogie,7
See the Sea (Regarde la mer),7
"Allnighter, The",7
Love Is the Devil,7
"Blood, Guts, Bullets and Octane",7
Eternity and a Day (Mia eoniotita ke mia mera ),7
"Late August, Early September (Fin août, début septembre)",7
"Gambler, The (A Jلtékos)",7
"Acid House, The",7
Public Access,7
"Grandfather, The (El Abuelo)",7
Slaughterhouse 2,7
"Actor's Revenge, An (Yukinojo Henge)",7
Pot O' Gold,7
Turn It Up,7
"Journey of August King, The",6
Shopping,6
Rent-a-Kid,6
Original Gangstas,6
Power 98,6
Six of a Kind,6
"Walk in the Sun, A",6
"Last Time I Saw Paris, The",6
"Substance of Fire, The",6
Broken English,6
Sprung,6
"Bonheur, Le",6
"Second Jungle Book: Mowgli & Baloo, The",6
"I Love You, I Love You Not",6
Hav Plenty,6
"Grandview, U.S.A.",6
Mighty Peking Man (Hsing hsing wang),6
Lucie Aubrac,6
"Suburbans, The",6
Oxygen,6
Brenda Starr,6
"Big Combo, The",6
Black Tar Heroin: The Dark End of the Street,6
Pandora and the Flying Dutchman,6
Retro Puppetmaster,6
On Our Merry Way,6
Sunset Strip,6
Feast of July,5
"Enfer, L'",5
"Paris, France",5
Delta of Venus,5
"Secret Agent, The",5
Two or Three Things I Know About Her,5
In the Line of Duty 2,5
For the Moment,5
"Search for One-eye Jimmy, The",5
Grosse Fatigue,5
I Can't Sleep (J'ai pas sommeil),5
"Machine, The",5
Boys Life 2,5
Kicked in the Head,5
Stag,5
Nénette et Boni,5
"Midaq Alley (Callejَn de los milagros, El)",5
In God's Hands,5
Cavalcade,5
Dear Jesse,5
Digging to China,5
24 7: Twenty Four Seven,5
Dancemaker,5
I Stand Alone (Seul contre tous),5
Heaven,5
Frogs for Snakes,5
Finding North,5
Cobra,5
Return with Honor,5
"Love Bewitched, A (El Amor Brujo)",5
"Snows of Kilimanjaro, The",5
Montana,5
Seven Chances,5
I Am Cuba (Soy Cuba/Ya Kuba),5
Conceiving Ada,5
Color Me Blood Red,5
Born American,5
City of the Living Dead (Paura nella città dei morti viventi),5
"Devil Rides Out, The",5
Wings of Courage,4
Two Bits,4
Brother Minister: The Assassination of Malcolm X,4
Tigrero: A Film That Was Never Made,4
Butterfly Kiss,4
"Man from Down Under, The",4
Carmen Miranda: Bananas Is My Business,4
Ashes of Time,4
Babyfever,4
"Death in the Garden (Mort en ce jardin, La)",4
"Collectionneuse, La",4
Phat Beach,4
Dangerous Ground,4
Small Wonders,4
American Strays,4
JLG/JLG - autoportrait de décembre,4
Late Bloomers,4
Wedding Bell Blues,4
Year of the Horse,4
"Friend of the Deceased, A",4
Little Men,4
I Got the Hook Up,4
"First Love, Last Rites",4
"Strike! (a.k.a. All I Wanna Do, The Hairy Bird)",4
"Battle of the Sexes, The",4
Savior,4
"Sticky Fingers of Time, The",4
Trippin',4
"Red Dwarf, The (Le Nain rouge)",4
Rosie,4
"Spiders, The (Die Spinnen, 1. Teil: Der Goldene See)",4
Simon Sez,4
Man of the Century,4
Penitentiary II,4
Beefcake,4
Black Sunday (La Maschera Del Demonio),4
Cotton Mary,4
"Big Trees, The",4
3 Strikes,4
"Ogre, The (Der Unhold)",4
Horror Hotel (a.k.a. The City of the Dead),4
Held Up,4
Regret to Inform,4
Jerry & Tom,4
Went to Coney Island on a Mission From God... Be Back by Five,4
Race the Sun,3
"Modern Affair, A",3
Theodore Rex,3
Peanuts - Die Bank zahlt alles,3
All Things Fair,3
Country Life,3
"Institute Benjamenta, or This Dream People Call Human Life",3
Getting Away With Murder,3
Brothers in Trouble,3
"Gate of Heavenly Peace, The",3
"Very Natural Thing, A",3
Dingo,3
Synthetic Pleasures,3
Loser,3
Paris Was a Woman,3
Junk Mail,3
"Farmer's Wife, The",3
Just the Ticket,3
"Love, etc.",3
Male and Female,3
"Separation, The (La Séparation)",3
Bay of Blood (Reazione a catena),3
Spring Fever USA (a.k.a. Lauderdale),3
"End of the Affair, The",3
"James Dean Story, The",3
Trans,3
Brown's Requiem,3
Vampyros Lesbos (Las Vampiras),3
Santitos,3
Buck and the Preacher,3
Railroaded!,3
"Carriers Are Waiting, The (Les Convoyeurs Attendent)",3
Price of Glory,3
Sacco and Vanzetti (Sacco e Vanzetti),3
Defying Gravity,3
"Gay Deceivers, The",3
Possession,3
It's in the Water,3
Daughter of Dr. Jeckyll,3
Hatchet For the Honeymoon (Rosso Segno Della Follia),3
Criminal Lovers (Les Amants Criminels),3
Circus,3
Angela,2
Sonic Outlaws,2
"Neon Bible, The",2
"Show, The",2
Mirage,2
Dangerous Game,2
Second Best,2
Mamma Roma,2
Foreign Student,2
"Hour of the Pig, The",2
Metisse (Café au Lait),2
Tough and Deadly,2
Century,2
Venice/Venice,2
Yankee Zulu,2
August,2
Tarantella,2
"Run of the Country, The",2
"Promise, The (Versprechen, Das)",2
Sunset Park,2
Captives,2
"I, Worst of All (Yo, la peor de todas)",2
"Last Klezmer: Leopold Kozlowski, His Life and Music, The",2
"Crude Oasis, The",2
"Convent, The (Convento, O)",2
Sweet Nothing,2
Talk of Angels,2
1-900,2
Something to Sing About,2
Moonlight Murder,2
"Sunchaser, The",2
Macao,2
Talking About Sex,2
Johnny 100 Pesos,2
Everything Relative,2
Get Over It,2
Snowriders,2
Identification of a Woman (Identificazione di una donna),2
Zero Kelvin (Kjوrlighetens kjّtere),2
"Stranger, The",2
"Brother's Kiss, A",2
Intimate Relations,2
"War at Home, The",2
"To Have, or Not",2
Sudden Manhattan,2
"Paralyzing Fear: The Story of Polio in America, A",2
"Callejَn de los milagros, El",2
Tokyo Fist,2
Illtown,2
Leather Jacket Love Story,2
"Truce, The",2
Marie Baie Des Anges,2
Modulations,2
"Cabinet of Dr. Ramirez, The",2
Master Ninja I,2
"Inheritors, The (Die Siebtelbauern)",2
"Naked Man, The",2
Dry Cleaning (Nettoyage à sec),2
Six Ways to Sunday,2
Jeanne and the Perfect Guy (Jeanne et le garçon formidable),2
With Friends Like These...,2
Napoleon and Samantha,2
Where's Marlowe?,2
Home Page,2
"Living Dead Girl, The (La Morte Vivante)",2
Broadway Damage,2
"Closer You Get, The",2
Born to Win,2
Wirey Spindell,2
Smashing Time,2
Zachariah,2
Eaten Alive,2
Raining Stones,2
Bluebeard,2
It Happened Here,2
I'll Never Forget What's 'is Name,2
Hangmen Also Die,2
Slaves to the Underground,2
Impact,2
Autopsy (Macchie Solari),2
Torso (Corpi Presentano Tracce di Violenza Carnale),2
"Bells, The",2
Coming Apart,2
"Castaway Cowboy, The",2
"Blood Spattered Bride, The (La Novia Ensangrentada)",2
Light Years,2
"Match, The",2
Better Living,2
Skipped Parts,2
"Silence of the Palace, The (Saimt el Qusur)",1
Nueba Yol,1
Target,1
Shadows (Cienie),1
Dream Man,1
Nemesis 2: Nebula,1
Relative Fear,1
Fall Time,1
Frank and Ollie,1
Open Season,1
Harlem,1
Fausto,1
"Scorta, La",1
I Don't Want to Talk About It (De eso no se habla),1
Condition Red,1
"Wooden Man's Bride, The (Wu Kui)",1
"Little Indian, Big City (Un indien dans la ville)",1
Roula,1
Happy Weekend,1
"Superweib, Das",1
Mutters Courage,1
Billy's Holiday,1
Windows,1
Daens,1
Mouth to Mouth (Boca a boca),1
"Low Life, The",1
"Jar, The (Khomreh)",1
"Last of the High Kings, The (a.k.a. Summer Fling)",1
Wend Kuuni (God's Gift),1
An Unforgettable Summer,1
"Hungarian Fairy Tale, A",1
"Boy Called Hate, A",1
Diebinnen,1
Lotto Land,1
"Hippie Revolution, The",1
Small Faces,1
Death in Brunswick,1
Aiqing wansui,1
Bye-Bye,1
Schlafes Bruder (Brother of Sleep),1
Sleepover,1
Tashunga,1
"Bloody Child, The",1
Anna,1
Terror in a Texas Town,1
Underworld,1
Rhyme & Reason,1
For Ever Mozart,1
"Lay of the Land, The",1
Legal Deceit,1
Never Met Picasso,1
Full Speed,1
Tainted,1
Eden,1
"Proposition, The",1
Follow the Bitch,1
Heaven's Burning,1
Slappy and the Stinkers,1
Love Walked In,1
Resurrection Man,1
Voyage to the Beginning of the World,1
Cheetah,1
"Ring, The",1
Waltzes from Vienna,1
Number Seventeen,1
Elstree Calling,1
Juno and Paycock,1
One Man's Hero,1
Choices,1
Somewhere in the City,1
Detroit 9000,1
Outside Ozona,1
Tinseltown,1
Telling You,1
Beauty,1
Foolish,1
"Joyriders, The",1
Mascara,1
Broken Vessels,1
Ménage (Tenue de soirée),1
White Boys,1
"Five Wives, Three Secretaries and Me",1
"Loves of Carmen, The",1
Ten Benny,1
"Bat Whispers, The",1
"Alley Cats, The",1
Ulysses (Ulisse),1
Even Dwarfs Started Small (Auch Zwerge haben klein angefangen),1
Night Tide,1
Another Man's Poison,1
Kestrel's Eye (Falkens ِga),1
Beloved/Friend (Amigo/Amado),1
"Baby, The",1
Soft Toilet Seats,1
Trois,1
With Byrd at the South Pole,1
"McCullochs, The",1
Happy Go Lovely,1
"Waiting Game, The",1
Chain of Fools,1
"Fantastic Night, The (La Nuit Fantastique)",1
Song of Freedom,1
Blood and Sand (Sangre y Arena),1
Hillbillys in a Haunted House,1
Smoking/No Smoking,1
One Little Indian,1
Running Free,1
Lured,1
Live Virgin,1
Project Moon Base,1
Make Them Die Slowly (Cannibal Ferox),1
Bittersweet Motel,1
Back Stage,1
"Uninvited Guest, An",1